canonical_stem,image,split,contributor,session,annotation_status,qa_status,negative,objects,sha256,mouse,keyboard,laptop,cup,headphones
P01_S01_CUP_0001,P01_S01_CUP_0001.jpg,train,P01,S01,v1_reviewed_label_reused,v1_reviewed_label_reused_and_hash_matched,0,1,0fcb0a85bfa8a9bd902c940af8a488c6d0d0d9dc9e09a7eb1b76f8862fd1d17e,0,0,0,1,0
P01_S01_CUP_0002,P01_S01_CUP_0002.jpg,train,P01,S01,v1_reviewed_label_reused,v1_reviewed_label_reused_and_hash_matched,0,1,1c8c13e720643efc8f0a0fe05e11ba50e5b227e6d2b46ce82fd0f1ddb02d8b38,0,0,0,1,0
P01_S01_CUP_0003,P01_S01_CUP_0003.jpg,train,P01,S01,v1_reviewed_label_reused,v1_reviewed_label_reused_and_hash_matched,0,1,e27c414314c0c235ba03c60fb2940de1e8edaee172c80328dac65e0f633c9bf9,0,0,0,1,0
P01_S01_CUP_0004,P01_S01_CUP_0004.jpg,train,P01,S01,v1_reviewed_label_reused,v1_reviewed_label_reused_and_hash_matched,0,1,c9895a7056f9315b50f83a310286412e5d8b1e21893a48688b68d916a17f3ed8,0,0,0,1,0
P01_S01_CUP_0019,P01_S01_CUP_0019.jpg,train,P01,S01,v1_reviewed_label_reused,v1_reviewed_label_reused_and_hash_matched,0,1,53f8eb97ebc04951f74fb5b8606c69bfd38a0bce97debda12706264fa7baa2d5,0,0,0,1,0
P01_S01_CUP_0020,P01_S01_CUP_0020.jpg,train,P01,S01,v1_reviewed_label_reused,v1_reviewed_label_reused_and_hash_matched,0,1,c138cb201a5cd92c9912f81f114380156276396de90010ff4d16223bba11943a,0,0,0,1,0
P01_S01_HDP_0012,P01_S01_HDP_0012.jpg,train,P01,S01,v1_reviewed_label_reused,v1_reviewed_label_reused_and_hash_matched,0,1,23ba7333f71a9a4bd63b70a9e2ceab8810ee998e546a2e03ca4aa3e2c31334a0,0,0,0,0,1
P01_S01_HDP_0014,P01_S01_HDP_0014.jpg,train,P01,S01,v1_reviewed_label_reused,v1_reviewed_label_reused_and_hash_matched,0,1,fead54b0d9d0005e3ebacadec76347d1ba7404ff6a9c368ea0a31d95758b0b93,0,0,0,0,1
P01_S01_HDP_0017,P01_S01_HDP_0017.jpg,train,P01,S01,v1_reviewed_label_reused,v1_reviewed_label_reused_and_hash_matched,0,1,cdf973d3b1e04da863c6a0e61560175fcc966ab7645d16cfde3ca0ce79d28d9a,0,0,0,0,1
P01_S01_HDP_0018,P01_S01_HDP_0018.jpg,train,P01,S01,v1_reviewed_label_reused,v1_reviewed_label_reused_and_hash_matched,0,1,205d90f533e89c864fa54bf813d8e35a5eafbdaf48063b39bd4bb8eaa690e056,0,0,0,0,1
P01_S01_HDP_0021,P01_S01_HDP_0021.jpg,train,P01,S01,v1_reviewed_label_reused,v1_reviewed_label_reused_and_hash_matched,0,1,1e749cfaefe15c5757868252d7273f7fa0ff00e68d9a178b19b373cca3d539f5,0,0,0,0,1
P01_S01_LAP_0005,P01_S01_LAP_0005.jpg,train,P01,S01,v1_reviewed_label_reused,v1_reviewed_label_reused_and_hash_matched,0,1,08e6e1676a88a446d4f886e5d3278680ab24c276e4dc3f3e4dc5c6ed0da3c6da,0,0,1,0,0
P01_S01_LAP_0006,P01_S01_LAP_0006.jpg,train,P01,S01,v1_reviewed_label_reused,v1_reviewed_label_reused_and_hash_matched,0,1,78706f40ec8b6af272a541e43eaef15ddc36d08a6140c856fe90cfd6fd5f0f9d,0,0,1,0,0
P01_S01_LAP_0007,P01_S01_LAP_0007.jpg,train,P01,S01,v1_reviewed_label_reused,v1_reviewed_label_reused_and_hash_matched,0,1,043034ed73d8e847c775b7e589519729ab8be02a2887d34fe8efb0102a16ecc6,0,0,1,0,0
P01_S01_MIX_0008,P01_S01_MIX_0008.jpg,train,P01,S01,v1_reviewed_label_reused,v1_reviewed_label_reused_and_hash_matched,0,2,d7a26b452a5c34499d65ba2ee4cd6a1177df7c2cbbfca8abef992061181207dd,0,0,1,1,0
P01_S01_MIX_0009,P01_S01_MIX_0009.jpg,train,P01,S01,v1_reviewed_label_reused,v1_reviewed_label_reused_and_hash_matched,0,2,9293db07e83c88b97ab8f5f9edf9e89e740c831cb934d2a7aa91dd2f762cb5a7,0,0,1,1,0
P01_S01_MIX_0010,P01_S01_MIX_0010.jpg,train,P01,S01,v1_reviewed_label_reused,v1_reviewed_label_reused_and_hash_matched,0,2,37d8bc3b5dcac6c2044c500274d276f236ac53bf41003869dc2d2f899aa1bcd8,1,0,0,1,0
P01_S01_MIX_0013,P01_S01_MIX_0013.jpg,train,P01,S01,v1_reviewed_label_reused,v1_reviewed_label_reused_and_hash_matched,0,2,6dfc496914f8876433c3f3878f7ffb45a6d280e5fda70061bc32ba6c27356276,1,0,0,1,0
P01_S01_MIX_0015,P01_S01_MIX_0015.jpg,train,P01,S01,v1_reviewed_label_reused,v1_reviewed_label_reused_and_hash_matched,0,2,ccd78ad8271f8e28e845fdf1ad6d40514bfb243095f5d3591d4244d137f7e5d4,1,0,0,0,1
P01_S01_MIX_0016,P01_S01_MIX_0016.jpg,train,P01,S01,v1_reviewed_label_reused,v1_reviewed_label_reused_and_hash_matched,0,2,08552c54a1a51c4deb6c9d8cf4544e17bab243aa34990cc092b3c4e2d92a596a,1,1,0,0,0
P01_S01_MOU_0011,P01_S01_MOU_0011.jpg,train,P01,S01,v1_reviewed_label_reused,v1_reviewed_label_reused_and_hash_matched,0,1,98ef49794bee70b999d325f815074fc24418f89597d93dcdf0732471f6380181,1,0,0,0,0
P01_S02_CUP_0001,P01_S02_CUP_0001.jpg,train,P01,S02,v1_reviewed_label_reused,v1_reviewed_label_reused_and_hash_matched,0,1,ace762fc8b7b7adb06815f227851538acab6e1905c3faf979d88fdab9d72ba71,0,0,0,1,0
P01_S02_CUP_0002,P01_S02_CUP_0002.jpg,train,P01,S02,v1_reviewed_label_reused,v1_reviewed_label_reused_and_hash_matched,0,1,ca84ae614f3c63980447e34564c979b040b53d7c53a810a3e0784592bb38d68b,0,0,0,1,0
P01_S02_CUP_0007,P01_S02_CUP_0007.jpg,train,P01,S02,v1_reviewed_label_reused,v1_reviewed_label_reused_and_hash_matched,0,1,b4e754a0172c599e30b01bc8cf4a041fb1f9f9eda27c5379721e6fdb8ac0e2d9,0,0,0,1,0
P01_S02_LAP_0003,P01_S02_LAP_0003.jpg,train,P01,S02,v1_reviewed_label_reused,v1_reviewed_label_reused_and_hash_matched,0,1,44152ceeb5b795ee2a9130f1004d64ecddc752d340e3d1be4baa4eb8e62f4dc4,0,0,1,0,0
P01_S02_LAP_0004,P01_S02_LAP_0004.jpg,train,P01,S02,v1_reviewed_label_reused,v1_reviewed_label_reused_and_hash_matched,0,2,ec6ac3e63797882d3aefa09abc9911386fbd606ed51ab7879766b202f3627af8,0,0,1,1,0
P01_S02_LAP_0005,P01_S02_LAP_0005.jpg,train,P01,S02,v1_reviewed_label_reused,v1_reviewed_label_reused_and_hash_matched,0,1,553fedfc7c770cd8506bfb919506d1aae57a807e9b36951b2382a65290572655,0,0,1,0,0
P01_S02_LAP_0006,P01_S02_LAP_0006.jpg,train,P01,S02,v1_reviewed_label_reused,v1_reviewed_label_reused_and_hash_matched,0,1,3b355279c3f05c64344f965dfe3538ad72cca252158bdfe523847d80090c006e,0,0,1,0,0
P01_S02_MIX_0008,P01_S02_MIX_0008.jpg,train,P01,S02,v1_reviewed_label_reused,v1_reviewed_label_reused_and_hash_matched,0,2,9f636ade7cfe57686edb7b91bc935a2dc90823b88fc0d5de960fe59c2a2e68be,0,0,1,1,0
P01_S02_MIX_0009,P01_S02_MIX_0009.jpg,train,P01,S02,v1_reviewed_label_reused,v1_reviewed_label_reused_and_hash_matched,0,2,2e8b7059282569e8dd36f46b975ed812fd24e2bd826f2bb37a8d28f388c7b516,0,0,1,1,0
P01_S02_MIX_0010,P01_S02_MIX_0010.jpg,train,P01,S02,v1_reviewed_label_reused,v1_reviewed_label_reused_and_hash_matched,0,2,4993cffbf75cf626f82cb39a9f46810c776ee6317e3328c94296ffc4819a54a8,1,0,0,1,0
P01_S02_MIX_0013,P01_S02_MIX_0013.jpg,train,P01,S02,v1_reviewed_label_reused,v1_reviewed_label_reused_and_hash_matched,0,2,e3318bedbb11f18493e45ce11a75a37d4c5795035df07762d07b970b43db58cc,1,0,0,0,1
P01_S02_MIX_0014,P01_S02_MIX_0014.jpg,train,P01,S02,v1_reviewed_label_reused,v1_reviewed_label_reused_and_hash_matched,0,3,e369deb87c1e5db0e023161147255a8a141b516190c917e42c620a49a1d5f411,1,1,0,0,1
P01_S02_MIX_0015,P01_S02_MIX_0015.jpg,train,P01,S02,v1_reviewed_label_reused,v1_reviewed_label_reused_and_hash_matched,0,3,a210f78fbeeeb99d0eaa0b0eb9efd7b8cc076513447007a4a52c0c016cfd97b3,1,0,0,1,1
P01_S02_MIX_0016,P01_S02_MIX_0016.jpg,train,P01,S02,v1_reviewed_label_reused,v1_reviewed_label_reused_and_hash_matched,0,2,14519c17bdd59d30e3c01871aef016f879da37c6c2372c7cb5f8656554277929,1,0,1,0,0
P01_S02_MIX_0017,P01_S02_MIX_0017.jpg,train,P01,S02,v1_reviewed_label_reused,v1_reviewed_label_reused_and_hash_matched,0,3,d3742627383402a0e4e24a7efaa36aa147a2d0ad62e6a98929806348d7b0a529,1,1,0,1,0
P01_S02_MIX_0018,P01_S02_MIX_0018.jpg,train,P01,S02,v1_reviewed_label_reused,v1_reviewed_label_reused_and_hash_matched,0,3,677229aff507c66cababb0f84988df68bff56600ec9ad39a4038be82b523ca49,1,0,0,1,1
P01_S02_MIX_0019,P01_S02_MIX_0019.jpg,train,P01,S02,v1_reviewed_label_reused,v1_reviewed_label_reused_and_hash_matched,0,1,e386d43cfd4dbaaf8a1dd001177b060121a8cffaa92d2330b545229df3c93c4b,0,0,1,0,0
P01_S02_MIX_0020,P01_S02_MIX_0020.jpg,train,P01,S02,v1_reviewed_label_reused,v1_reviewed_label_reused_and_hash_matched,0,3,855993e4d8a967d7f8afe03d543352e3c76052fd64d1080d7949d2e484154ba6,1,0,1,1,0
P01_S02_MOU_0011,P01_S02_MOU_0011.jpg,train,P01,S02,v1_reviewed_label_reused,v1_reviewed_label_reused_and_hash_matched,0,1,72cd67fa8d28f5a95835e73f8292cfdfcc5e15d78825b35c359537ecce09385f,1,0,0,0,0
P01_S02_MOU_0012,P01_S02_MOU_0012.jpg,train,P01,S02,v1_reviewed_label_reused,v1_reviewed_label_reused_and_hash_matched,0,1,b491c3af10d956e4ec44eb713c8b2ad8eca4809ee9c57aab2c5c84cb402bc932,1,0,0,0,0
P01_S03_CUP_0011,P01_S03_CUP_0011.jpg,train,P01,S03,v1_reviewed_label_reused,v1_reviewed_label_reused_and_hash_matched,0,1,f06f1ec6bcf3e204f0bddf1d4766a7c71fbdb4a79c3038f1d1af953ffd959580,0,0,0,1,0
P01_S03_CUP_0012,P01_S03_CUP_0012.jpg,train,P01,S03,v1_reviewed_label_reused,v1_reviewed_label_reused_and_hash_matched,0,1,23aa70be5e58b547f4c6d5017f2edae6f990930cb8b7bff5d836a184f99edf91,0,0,0,1,0
P01_S03_CUP_0021,P01_S03_CUP_0021.jpg,train,P01,S03,v1_reviewed_label_reused,v1_reviewed_label_reused_and_hash_matched,0,1,c4b2545113c3c9451a32fcf0fde21433cebdbe0050097f96ef7376b20e320035,0,0,0,1,0
P01_S03_HDP_0003,P01_S03_HDP_0003.jpg,train,P01,S03,v1_reviewed_label_reused,v1_reviewed_label_reused_and_hash_matched,0,1,5c57c4e40724ab9765aee6ca64c054a8bd784f820f9bd80f145f4dc4a0972bd1,0,0,0,0,1
P01_S03_HDP_0004,P01_S03_HDP_0004.jpg,train,P01,S03,v1_reviewed_label_reused,v1_reviewed_label_reused_and_hash_matched,0,1,abaa278c769996f5d1bcdb0b8242e40e991522a09e93af174ef53a743f1f1260,0,0,0,0,1
P01_S03_KEY_0015,P01_S03_KEY_0015.jpg,train,P01,S03,v1_reviewed_label_reused,v1_reviewed_label_reused_and_hash_matched,0,2,9317979167e99c0f78d79a207c53eff7e960499184444c67fc6dbf6ad972d336,0,1,1,0,0
P01_S03_LAP_0013,P01_S03_LAP_0013.jpg,train,P01,S03,v1_reviewed_label_reused,v1_reviewed_label_reused_and_hash_matched,0,1,d71c6d0b5de5d68206b3c3c49303b743b40d542a0041f5915d0ee2a2904eff96,0,0,1,0,0
P01_S03_LAP_0014,P01_S03_LAP_0014.jpg,train,P01,S03,v1_reviewed_label_reused,v1_reviewed_label_reused_and_hash_matched,0,2,65f8a92fbcdf281ccf2d5007d6422e37813673ff5efbd6af96525ba658066283,0,0,1,0,1
P01_S03_MIX_0005,P01_S03_MIX_0005.jpg,train,P01,S03,v1_reviewed_label_reused,v1_reviewed_label_reused_and_hash_matched,0,2,8138c1c203f30f98b321fa9e1928deaf206ebcdeaf77c8f71f697791ede672f0,1,0,0,0,1
P01_S03_MIX_0006,P01_S03_MIX_0006.jpg,train,P01,S03,v1_reviewed_label_reused,v1_reviewed_label_reused_and_hash_matched,0,3,10bb99b98eb9a26969269215cfb4c6b3e5e51ffb0e003f12df73eaa9220db20c,1,1,0,0,1
P01_S03_MIX_0007,P01_S03_MIX_0007.jpg,train,P01,S03,v1_reviewed_label_reused,v1_reviewed_label_reused_and_hash_matched,0,2,bec58fe9d4b615f67dcde22976c095a2b9faad5b9209013fa84c4d3a362ec7ac,1,1,0,0,0
P01_S03_MIX_0008,P01_S03_MIX_0008.jpg,train,P01,S03,v1_reviewed_label_reused,v1_reviewed_label_reused_and_hash_matched,0,3,a69a28673b6dea92f7573c4a8d208f6f3c80a50cb60320115859bea54c66cc56,1,1,0,1,0
P01_S03_MIX_0009,P01_S03_MIX_0009.jpg,train,P01,S03,v1_reviewed_label_reused,v1_reviewed_label_reused_and_hash_matched,0,3,be5ff6498da76d7558103abada21ed92ece76133f32b4d138aec89bf1d134d2d,1,0,0,1,1
P01_S03_MIX_0010,P01_S03_MIX_0010.jpg,train,P01,S03,v1_reviewed_label_reused,v1_reviewed_label_reused_and_hash_matched,0,2,26914c1aa912a0e5d2aec743513f067441bdcb756674583d53a7ae7877ec8f15,0,0,0,1,1
P01_S03_MIX_0016,P01_S03_MIX_0016.jpg,train,P01,S03,v1_reviewed_label_reused,v1_reviewed_label_reused_and_hash_matched,0,6,0a13e44d3a661372b9200e51d379cee2f78dfde5b2b24d0ed8a2abefe5ed37ef,1,1,1,2,1
P01_S03_MIX_0017,P01_S03_MIX_0017.jpg,train,P01,S03,v1_reviewed_label_reused,v1_reviewed_label_reused_and_hash_matched,0,5,3de52923b1110f768326fd0d9b0caf7afc072ad092fe9ccbf4a0729efd350b91,1,1,1,1,1
P01_S03_MIX_0018,P01_S03_MIX_0018.jpg,train,P01,S03,v1_reviewed_label_reused,v1_reviewed_label_reused_and_hash_matched,0,4,f8b7e8e9f6f6b17b9811d11f80cea28297a329e52f03d804441087704d0d90cf,1,1,1,0,1
P01_S03_MIX_0023,P01_S03_MIX_0023.jpg,train,P01,S03,v1_reviewed_label_reused,v1_reviewed_label_reused_and_hash_matched,0,2,fe13099f8f916c58d58560779863b9bc94e37957a7abb0695093fe7a8b4387a6,1,0,0,1,0
P01_S03_MOU_0001,P01_S03_MOU_0001.jpg,train,P01,S03,v1_reviewed_label_reused,v1_reviewed_label_reused_and_hash_matched,0,1,7a8cd881f844a67207a3d933c5f27e2522983463d71f2c81b4ddd9b280d4b39e,1,0,0,0,0
P01_S03_MOU_0002,P01_S03_MOU_0002.jpg,train,P01,S03,v1_reviewed_label_reused,v1_reviewed_label_reused_and_hash_matched,0,1,7709ca4d7da7a044e2492a401c4cf828a7ecea5f0b6b1c6ba8f845fe7a79508c,1,0,0,0,0
P01_S03_MOU_0022,P01_S03_MOU_0022.jpg,train,P01,S03,v1_reviewed_label_reused,v1_reviewed_label_reused_and_hash_matched,0,1,29af0a60876decc869c6b9debf2c941d0610e37bf328206527d74546e9e1aeda,1,0,0,0,0
P01_S04_KEY_0001,P01_S04_KEY_0001.jpg,train,P01,S04,v1_reviewed_label_reused,v1_reviewed_label_reused_and_hash_matched,0,2,fda4ebfea77ba7e834ed0a40cf3d3ce7cfc7b2dc0332e038d5a2d7f89b5301b3,0,1,1,0,0
P01_S04_MIX_0003,P01_S04_MIX_0003.jpg,train,P01,S04,v1_reviewed_label_reused,v1_reviewed_label_reused_and_hash_matched,0,2,5052123656e7f27264ce6a936b156a39492b55160315f5e6ef3e83512e391971,0,1,0,0,1
P01_S04_MIX_0004,P01_S04_MIX_0004.jpg,train,P01,S04,v1_reviewed_label_reused,v1_reviewed_label_reused_and_hash_matched,0,5,b9b25e36e1944919beb64ef4db6362cc555f30e6de1e01ca8cffc3bd9b333d6f,1,1,1,1,1
P01_S04_MIX_0005,P01_S04_MIX_0005.jpg,train,P01,S04,v1_reviewed_label_reused,v1_reviewed_label_reused_and_hash_matched,0,5,262eecd0ba0006a78dbb5dd34ad9bcde975a4e4cd0c0beb3576e0300b5ea217e,1,1,1,1,1
P01_S04_MIX_0006,P01_S04_MIX_0006.jpg,train,P01,S04,v1_reviewed_label_reused,v1_reviewed_label_reused_and_hash_matched,0,3,753e2a5fdf254aa1530b6c76d03dc65a4f7958f6ca4ee8de808c5353a52e3b79,2,0,0,1,0
P01_S04_MIX_0007,P01_S04_MIX_0007.jpg,train,P01,S04,v1_reviewed_label_reused,v1_reviewed_label_reused_and_hash_matched,0,4,8fe39563610ba1a8674ad8cce934c71f204035ffbf4ac08067445d263b69ca9f,1,0,1,2,0
P01_S04_MIX_0008,P01_S04_MIX_0008.jpg,train,P01,S04,v1_reviewed_label_reused,v1_reviewed_label_reused_and_hash_matched,0,4,e73122d6d98bf25087a5b1ebf34589317c9cdf2186b64e8cef4bffbc686bc007,1,0,1,2,0
P01_S04_MIX_0009,P01_S04_MIX_0009.jpg,train,P01,S04,v1_reviewed_label_reused,v1_reviewed_label_reused_and_hash_matched,0,4,3314f3d20b35a5388570a916365765ce7224d8cab1322980cd140b066547f71d,1,0,1,1,1
P01_S04_MIX_0010,P01_S04_MIX_0010.jpg,train,P01,S04,v1_reviewed_label_reused,v1_reviewed_label_reused_and_hash_matched,0,4,0336ededcbeaa8ef0eaeeffc714f633cef9e66947328f3164de9a62e6f9e8de5,1,1,1,1,0
P01_S04_MIX_0011,P01_S04_MIX_0011.jpg,train,P01,S04,v1_reviewed_label_reused,v1_reviewed_label_reused_and_hash_matched,0,3,8f7b6614b5a6035803cdef1e1cf3e518b8e2a637089abf35dcb2367cd9fb8679,1,0,0,1,1
P01_S04_MIX_0012,P01_S04_MIX_0012.jpg,train,P01,S04,v1_reviewed_label_reused,v1_reviewed_label_reused_and_hash_matched,0,2,256b2728d4d43e5c955fb6e812996c70fabd107dd71e4c8b3a75f4565906a18b,0,1,1,0,0
P01_S04_MIX_0013,P01_S04_MIX_0013.jpg,train,P01,S04,v1_reviewed_label_reused,v1_reviewed_label_reused_and_hash_matched,0,4,a590c455cd63dba6d06ba8c54b1f3f224bd51e056defd467ce359dd0515735d5,1,1,1,0,1
P01_S04_MIX_0014,P01_S04_MIX_0014.jpg,train,P01,S04,v1_reviewed_label_reused,v1_reviewed_label_reused_and_hash_matched,0,3,20473765cf1267f7f7112045c9784630de543ae7fb4c6bf3bb331f85c3a92746,1,0,1,0,1
P01_S04_MIX_0015,P01_S04_MIX_0015.jpg,train,P01,S04,v1_reviewed_label_reused,v1_reviewed_label_reused_and_hash_matched,0,5,40bc674d4640212faca34fe3a89ff7fd5d40b5f828cec46492578c3ebf6dfc24,1,1,1,1,1
P01_S04_MIX_0016,P01_S04_MIX_0016.jpg,train,P01,S04,v1_reviewed_label_reused,v1_reviewed_label_reused_and_hash_matched,0,3,2cab75d5559e26356a1c883dc52bd1c22bacaddce20f352627396e537f39e53f,1,0,0,1,1
P01_S04_MIX_0017,P01_S04_MIX_0017.jpg,train,P01,S04,v1_reviewed_label_reused,v1_reviewed_label_reused_and_hash_matched,0,4,072c30b8a28cfc0c6841a3d8aca1b6dcd9c76d7c319265d488266799dd29abdd,1,0,1,1,1
P01_S04_MOU_0002,P01_S04_MOU_0002.jpg,train,P01,S04,v1_reviewed_label_reused,v1_reviewed_label_reused_and_hash_matched,0,1,4fc20f4ba0411bcf68148f96fd58028f8f985cbf3cc049022c42155145b9b995,1,0,0,0,0
P01_S05_NEG_0001,P01_S05_NEG_0001.jpg,train,P01,S05,v1_reviewed_label_reused,v1_reviewed_label_reused_and_hash_matched,1,0,8ab5955beaeb0700329930ecee4273f069d45b16e45ca019db5803982a32a805,0,0,0,0,0
P01_S05_NEG_0002,P01_S05_NEG_0002.jpg,train,P01,S05,v1_reviewed_label_reused,v1_reviewed_label_reused_and_hash_matched,1,0,9a0c2762800dfcbfd6527698dfa9dee9d9c9b40635500ce9abc3982769bf5fc4,0,0,0,0,0
P01_S05_NEG_0003,P01_S05_NEG_0003.jpg,train,P01,S05,v1_reviewed_label_reused,v1_reviewed_label_reused_and_hash_matched,1,0,043f4004bffe6158ecd090bfcb363f634ba87a1ebeda5c5daa4872dbb55a6647,0,0,0,0,0
P01_S05_NEG_0004,P01_S05_NEG_0004.jpg,train,P01,S05,v1_reviewed_label_reused,v1_reviewed_label_reused_and_hash_matched,1,0,85862c58ad080ba6d4de323dc9b52dd84960db659635d68331b1e5d0c5f380ec,0,0,0,0,0
P01_S05_NEG_0005,P01_S05_NEG_0005.jpg,train,P01,S05,v1_reviewed_label_reused,v1_reviewed_label_reused_and_hash_matched,1,0,5e4e9e0eaebe5a06f632efa65d13077f6e6d4db91cd9a8bc6e2221af291891c6,0,0,0,0,0
P01_S05_NEG_0006,P01_S05_NEG_0006.jpg,train,P01,S05,v1_reviewed_label_reused,v1_reviewed_label_reused_and_hash_matched,1,0,b9be43562ff0a14d55ab875c0f83662ff85b0555c7a486c6ead435be225b407b,0,0,0,0,0
P01_S06_MIX_0001,P01_S06_MIX_0001.jpg,val,P01,S06,v1_reviewed_label_reused,v1_reviewed_label_reused_and_hash_matched,0,2,6d8f99db2161b3fecee930326908bfac59ed32051daba051df16f94ffd72724b,0,0,1,0,1
P01_S06_MIX_0002,P01_S06_MIX_0002.jpg,val,P01,S06,v1_reviewed_label_reused,v1_reviewed_label_reused_and_hash_matched,0,4,aefb7c7b59329c3b7f6675b666470286e05c4b0e2220d2679b7febc4107e8df5,1,1,0,1,1
P01_S06_MIX_0003,P01_S06_MIX_0003.jpg,val,P01,S06,v1_reviewed_label_reused,v1_reviewed_label_reused_and_hash_matched,0,2,cd756f3152632d026879755999d4b2a8421b26d1e4b26fefb9698de77cf623ef,0,0,0,1,1
P01_S06_MIX_0004,P01_S06_MIX_0004.jpg,val,P01,S06,v1_reviewed_label_reused,v1_reviewed_label_reused_and_hash_matched,0,4,ff9fc85a35b63a37e81660c7effde20a5a8315358a319f6de039ea170b5c94ea,1,0,0,3,0
P01_S06_CUP_0001,P01_S06_CUP_0001.jpg,val,P01,S06,v1_reviewed_label_reused,v1_reviewed_label_reused_and_hash_matched,0,3,497ba3e1e7efb1d05046755ff5d48cdedd256584eb4c535ca6122e9e2c6fbb9b,0,0,0,3,0
P01_S06_MIX_0005,P01_S06_MIX_0005.jpg,val,P01,S06,v1_reviewed_label_reused,v1_reviewed_label_reused_and_hash_matched,0,2,7125ca9a24f4a69d34e3ce61394c057440897d95b140d220af864960eb4b14a3,0,0,1,0,1
P01_S06_MIX_0006,P01_S06_MIX_0006.jpg,val,P01,S06,v1_reviewed_label_reused,v1_reviewed_label_reused_and_hash_matched,0,2,31b271bd5162d2cae93174c4f216b7b7ce928415f2fea988a94d07aa6f9d5be5,0,0,1,1,0
P01_S06_MIX_0007,P01_S06_MIX_0007.jpg,val,P01,S06,v1_reviewed_label_reused,v1_reviewed_label_reused_and_hash_matched,0,4,e6fb77bc4679da018f5dc9e5b8a6c39389c01c872522f4751a78646c2e8a52f5,1,0,1,1,1
P01_S06_MIX_0008,P01_S06_MIX_0008.jpg,val,P01,S06,v1_reviewed_label_reused,v1_reviewed_label_reused_and_hash_matched,0,3,092c8db8c5ce67f71f091d579773a33fd2f1a8aea4d9a45b86d53e91826603ef,1,0,1,1,0
P01_S06_LAP_0001,P01_S06_LAP_0001.jpg,val,P01,S06,v1_reviewed_label_reused,v1_reviewed_label_reused_and_hash_matched,0,1,137e963f5af396b18745d51ad54dcdc4e9740c3721ccd93b8e2d549622dea0b1,0,0,1,0,0
P01_S06_LAP_0002,P01_S06_LAP_0002.jpg,val,P01,S06,v1_reviewed_label_reused,v1_reviewed_label_reused_and_hash_matched,0,1,e79c5623c999993f0d828b6cfd8c6eeb2a58f28ee8507cac709efb6d7d6bfa62,0,0,1,0,0
P01_S06_HDP_0001,P01_S06_HDP_0001.jpg,val,P01,S06,v1_reviewed_label_reused,v1_reviewed_label_reused_and_hash_matched,0,1,8a0851d6f0d74a5e0c955b3ab8d72329adac0977fe191d9b7b6deca1651c4dcf,0,0,0,0,1
P01_S06_MIX_0009,P01_S06_MIX_0009.jpg,val,P01,S06,v1_reviewed_label_reused,v1_reviewed_label_reused_and_hash_matched,0,4,5ce06f7b995c12ce4fc068bb92d69d76c0ea29b36c1100d0b5fc0cb4d4da7bd3,0,1,0,2,1
P01_S06_LAP_0003,P01_S06_LAP_0003.jpg,val,P01,S06,v1_reviewed_label_reused,v1_reviewed_label_reused_and_hash_matched,0,1,e9d4973161a2b9f58bf496405f11c58688c678226281b044d2da0d3783ba6182,0,0,1,0,0
P01_S06_MOU_0001,P01_S06_MOU_0001.jpg,val,P01,S06,v1_reviewed_label_reused,v1_reviewed_label_reused_and_hash_matched,0,1,181f3d83180350f25fb8be062948ef1b2302c2820a033a8173b1d127397b5c5d,1,0,0,0,0
P01_S06_MIX_0010,P01_S06_MIX_0010.jpg,val,P01,S06,v1_reviewed_label_reused,v1_reviewed_label_reused_and_hash_matched,0,3,b3fa5b44ae2cc1cd81d53de49364aae91357251a1b1c9db0a8cd925a27d2a949,0,1,0,1,1
P01_S06_CUP_0002,P01_S06_CUP_0002.jpg,val,P01,S06,v1_reviewed_label_reused,v1_reviewed_label_reused_and_hash_matched,0,2,0b30994c8ac77e9a714f52586eb0d8049b93d41ff5b6d10680959696305b76e7,0,0,0,2,0
P01_S06_CUP_0003,P01_S06_CUP_0003.jpg,val,P01,S06,v1_reviewed_label_reused,v1_reviewed_label_reused_and_hash_matched,0,1,b2693485d3c1c367932de7f3bc62d1994a79d932bdbaa819153978ae54a37f90,0,0,0,1,0
P01_S06_MIX_0011,P01_S06_MIX_0011.jpg,val,P01,S06,v1_reviewed_label_reused,v1_reviewed_label_reused_and_hash_matched,0,3,c3a1663831d124e55aafe31ceaed5f123c56766cbfd6a715c8a8a68430b93368,1,0,1,1,0
P01_S06_LAP_0004,P01_S06_LAP_0004.jpg,val,P01,S06,v1_reviewed_label_reused,v1_reviewed_label_reused_and_hash_matched,0,1,5a2a8bad54033a2991197d65f349a3e422409d420ff0ee05916c347b470b9999,0,0,1,0,0
P01_S06_HDP_0002,P01_S06_HDP_0002.jpg,val,P01,S06,v1_reviewed_label_reused,v1_reviewed_label_reused_and_hash_matched,0,1,80a66a416db6d88b2424de4a70d50fd011c1b61598d132f534f4660e417d3f70,0,0,0,0,1
P01_S06_MIX_0012,P01_S06_MIX_0012.jpg,val,P01,S06,v1_reviewed_label_reused,v1_reviewed_label_reused_and_hash_matched,0,2,263d68ef9253182a70fe539c4f060ef0e506e217678678354b84040588d97d74,0,1,0,0,1
P01_S06_HDP_0003,P01_S06_HDP_0003.jpg,val,P01,S06,v1_reviewed_label_reused,v1_reviewed_label_reused_and_hash_matched,0,1,6787dc99820cab1e70ada89a0f66f94de6aa1faf7eeeca3fcd840503d6532268,0,0,0,0,1
P01_S06_MIX_0013,P01_S06_MIX_0013.jpg,val,P01,S06,v1_reviewed_label_reused,v1_reviewed_label_reused_and_hash_matched,0,4,5e460c80339e88fd5fe310b44bb69e7ebefe2ebb447b00e65073e9b739aa58e9,0,1,0,2,1
P01_S06_MIX_0014,P01_S06_MIX_0014.jpg,val,P01,S06,v1_reviewed_label_reused,v1_reviewed_label_reused_and_hash_matched,0,3,a8750877120362a44c256ca6d7c92955417061af11a967fe5181fe87443c5dba,0,1,0,2,0
P01_S06_MIX_0015,P01_S06_MIX_0015.jpg,val,P01,S06,v1_reviewed_label_reused,v1_reviewed_label_reused_and_hash_matched,0,2,7ccfb6e0221f5a35f0cffdb7412d1c9386510f153eb92bd655b210532bbfd21d,0,1,0,0,1
P01_S06_LAP_0005,P01_S06_LAP_0005.jpg,val,P01,S06,v1_reviewed_label_reused,v1_reviewed_label_reused_and_hash_matched,0,1,68a20825e2d5245377519d65ff4b91e2bfe6b0bd40639826ce073e1ea999bb6c,0,0,1,0,0
P01_S06_MIX_0016,P01_S06_MIX_0016.jpg,val,P01,S06,v1_reviewed_label_reused,v1_reviewed_label_reused_and_hash_matched,0,2,040185a239cd234a6eb50da052f6c44c33ba3dd4123eceb7a9e8e9016c21d3e2,1,0,0,1,0
P01_S06_KEY_0001,P01_S06_KEY_0001.jpg,val,P01,S06,v1_reviewed_label_reused,v1_reviewed_label_reused_and_hash_matched,0,1,a82efed881e878da71b58495c37ff511e3418a4ce2c475e941bbed9675acb621,0,1,0,0,0
P01_S06_MIX_0017,P01_S06_MIX_0017.jpg,val,P01,S06,v1_reviewed_label_reused,v1_reviewed_label_reused_and_hash_matched,0,2,3a9e051d06becbfca2839b2483a838520db36a974c98923252ad2037b505b373,0,0,1,1,0
P01_S06_MIX_0018,P01_S06_MIX_0018.jpg,val,P01,S06,v1_reviewed_label_reused,v1_reviewed_label_reused_and_hash_matched,0,3,fb6bab9552bcc0161602c6a41695e14f3dfa01dcc8233137252e80ee6120a039,0,1,0,1,1
P01_S06_CUP_0004,P01_S06_CUP_0004.jpg,val,P01,S06,v1_reviewed_label_reused,v1_reviewed_label_reused_and_hash_matched,0,2,9b60e364f81068349ca77ef3c7d99a4064e74f796fb7d6461ba1cd3e6f0cdb86,0,0,0,2,0
P01_S06_MIX_0019,P01_S06_MIX_0019.jpg,val,P01,S06,v1_reviewed_label_reused,v1_reviewed_label_reused_and_hash_matched,0,2,a7264d0dfd014edafbe8f47c30f5e5b133110f221da311606bb3aa8fd8459a44,0,0,0,1,1
P02_S01_SRC_0001,P02_S01_SRC_0001.jpg,train,P02,S01,new_needs_annotation,passed_second_visual_preview_qa,0,1,992d38ee098131e5da72813dcb2d35737e3120e0b55ce157b5284e866bd3db17,1,0,0,0,0
P02_S01_SRC_0002,P02_S01_SRC_0002.jpg,train,P02,S01,new_needs_annotation,passed_second_visual_preview_qa,1,0,1ccda9a10e7071d2f9909560a3a4bd497db880c0d057d7d826c7e0c2256db958,0,0,0,0,0
P02_S01_SRC_0003,P02_S01_SRC_0003.jpg,train,P02,S01,new_needs_annotation,passed_second_visual_preview_qa,0,1,36ceb19c4dae7593bd348f6381fc21e07e251f2a0aa79c51c53942a803d6e71c,0,0,1,0,0
P02_S01_SRC_0004,P02_S01_SRC_0004.jpg,train,P02,S01,new_needs_annotation,passed_second_visual_preview_qa,0,1,4c5f8f9bf1a9d8de57cb369a3c5329a66cb28456b38882d19657c0e455ddcd76,0,1,0,0,0
P02_S01_SRC_0005,P02_S01_SRC_0005.jpg,train,P02,S01,new_needs_annotation,passed_second_visual_preview_qa,0,1,1f459cbae884cee6b842a83b186fa8a84b18fb0516e631024c00586f9e95840f,0,0,0,0,1
P02_S01_SRC_0006,P02_S01_SRC_0006.jpg,train,P02,S01,new_needs_annotation,passed_second_visual_preview_qa,0,1,e3ec1a555cd3642e771262acc25d7a9bbb98d7843dfe19fcf5c349c29f52507c,0,0,0,1,0
P02_S01_SRC_0007,P02_S01_SRC_0007.jpg,train,P02,S01,new_needs_annotation,passed_second_visual_preview_qa,0,1,d9877147f34b5ba3dc4300885662dec6806c9aaa2cd13b2b26dd161ef15a3b08,0,0,0,0,1
P02_S01_SRC_0008,P02_S01_SRC_0008.jpg,train,P02,S01,new_needs_annotation,passed_second_visual_preview_qa,0,1,6553eddd5876b1db0632346d1bebe9760fa862b297ae6a19d9d197317d723d05,0,0,1,0,0
P02_S01_SRC_0009,P02_S01_SRC_0009.jpg,train,P02,S01,new_needs_annotation,passed_second_visual_preview_qa,0,2,904f1c8aca91a1ffe17bd55abb02682e70355c096f415fc56ca39557cdb0eda9,0,1,1,0,0
P02_S01_SRC_0010,P02_S01_SRC_0010.jpg,train,P02,S01,new_needs_annotation,passed_second_visual_preview_qa,0,2,ee078fbc0f5b4319074184db5bef3b4620144bb3f8fd37c935e0c70da99fa1e7,1,0,1,0,0
P02_S01_SRC_0011,P02_S01_SRC_0011.jpg,train,P02,S01,new_needs_annotation,passed_second_visual_preview_qa,1,0,aee4563424e289a4ae1d4bef097c3b1ff8aae5d9b2b4820c0ea678a80572bce0,0,0,0,0,0
P02_S01_SRC_0012,P02_S01_SRC_0012.jpg,train,P02,S01,new_needs_annotation,passed_second_visual_preview_qa,0,1,07dc180a9d2a8b10a795cd8d606931314f4a1c72b6858da2e7fd8796c924334e,0,0,0,0,1
P02_S01_SRC_0013,P02_S01_SRC_0013.jpg,train,P02,S01,new_needs_annotation,passed_second_visual_preview_qa,0,2,9d7e7fcd253987ef7110f19d7489527fff38b3c16d52f365b8f584062b6c6e60,1,0,1,0,0
P02_S01_SRC_0014,P02_S01_SRC_0014.jpg,train,P02,S01,new_needs_annotation,passed_second_visual_preview_qa,0,1,c86f28863057f3160d7f115265625d7288f5e9034c9b2abe8153713f2d33bc01,0,0,0,0,1
P02_S01_SRC_0015,P02_S01_SRC_0015.jpg,train,P02,S01,new_needs_annotation,passed_second_visual_preview_qa,0,2,366c32da166cc4434606e404be84f6e99dd4753003c4be4ed9d78e0f14312457,0,0,1,1,0
P02_S01_SRC_0016,P02_S01_SRC_0016.jpg,train,P02,S01,new_needs_annotation,passed_second_visual_preview_qa,0,1,80227a6402b02261fc1df32cc4d0521e60218a6d4358e4abead37aec0ce0f4a5,0,1,0,0,0
P02_S01_SRC_0017,P02_S01_SRC_0017.jpg,train,P02,S01,new_needs_annotation,passed_second_visual_preview_qa,0,1,39fa23536eb064eb20f6027846fb66d1baadd89d8bedb4d91bca1a8cf6247bbc,0,0,0,0,1
P02_S01_SRC_0018,P02_S01_SRC_0018.jpg,train,P02,S01,new_needs_annotation,passed_second_visual_preview_qa,0,1,6a7a1ba81eebae393f69f361b95ca2682aaf6006e399fd2042ea2efb0fc2b2d1,0,1,0,0,0
P02_S01_SRC_0019,P02_S01_SRC_0019.jpg,train,P02,S01,new_needs_annotation,passed_second_visual_preview_qa,0,1,ba0293c03149a6c366c5cd553f3f6b5da71a179ed916c6d74d758895284e742c,1,0,0,0,0
P02_S01_SRC_0020,P02_S01_SRC_0020.jpg,train,P02,S01,new_needs_annotation,passed_second_visual_preview_qa,0,1,76dedba928f3059b201e9522cde57c83a146c153a9e5a635ad0f5cec83d866d5,0,0,1,0,0
P02_S01_SRC_0021,P02_S01_SRC_0021.jpg,train,P02,S01,new_needs_annotation,passed_second_visual_preview_qa,0,1,f8adc033351e054fba4f5d4dce17c0c7e47f4e916a8d10e794059bf495b8977f,0,0,0,1,0
P02_S01_SRC_0022,P02_S01_SRC_0022.jpg,train,P02,S01,new_needs_annotation,passed_second_visual_preview_qa,0,4,cd8f9486ea2bb11e5334c0374002b5bca00a6a554b5d59642c80063bbc625be0,2,1,1,0,0
P02_S01_SRC_0023,P02_S01_SRC_0023.jpg,train,P02,S01,new_needs_annotation,passed_second_visual_preview_qa,0,2,a99257f8c85bef4a8bb64b9d18f4d3c3e723630e52755524da180f3dc3e32664,0,0,1,1,0
P02_S01_SRC_0024,P02_S01_SRC_0024.jpg,train,P02,S01,new_needs_annotation,passed_second_visual_preview_qa,0,1,34bfcd665e9fc0ec12af8420a0f13f4321d5196f6fd9b6cc30ea7a70009c68dc,0,0,0,0,1
P02_S01_SRC_0025,P02_S01_SRC_0025.jpg,train,P02,S01,new_needs_annotation,passed_second_visual_preview_qa,0,2,6c5f61d9ac67f8ca7924a01987d317b6465ce5cb5ed05d533d12a77c709091a9,1,1,0,0,0
P02_S01_SRC_0026,P02_S01_SRC_0026.jpg,train,P02,S01,new_needs_annotation,passed_second_visual_preview_qa,0,2,6601e46a1b38f1882ecfa02eafc88110e3d99de90051113fb75a9dd0cfc6943f,0,0,1,0,1
P02_S01_SRC_0027,P02_S01_SRC_0027.jpg,train,P02,S01,new_needs_annotation,passed_second_visual_preview_qa,0,1,8e14a32a36a56db118b060e768c49218ccef14facdea0c60b6649f52a4bbb320,0,0,1,0,0
P02_S01_SRC_0028,P02_S01_SRC_0028.jpg,train,P02,S01,new_needs_annotation,passed_second_visual_preview_qa,0,3,62a83321949e5fd1141f7285ee4626f747e21e3b09de9d6a7b4fcec084e88851,0,0,1,2,0
P02_S01_SRC_0029,P02_S01_SRC_0029.jpg,train,P02,S01,new_needs_annotation,passed_second_visual_preview_qa,0,1,0a8bb8dbd8908214c955c1c863d6067c8c259d849fcabcc2e7196c7085aef94f,1,0,0,0,0
P02_S01_SRC_0030,P02_S01_SRC_0030.jpg,train,P02,S01,new_needs_annotation,passed_second_visual_preview_qa,0,1,2038778f01bfa0155550373ca3ae0201535d701e67ddf8aa2d19e2a9d5f42f87,0,1,0,0,0
P02_S01_SRC_0031,P02_S01_SRC_0031.jpg,train,P02,S01,new_needs_annotation,passed_second_visual_preview_qa,0,1,8b5d2872a862efc49583e448e0adde1286e88a23d02e934896e2b5f9b94c1c45,0,0,0,0,1
P02_S01_SRC_0032,P02_S01_SRC_0032.jpg,train,P02,S01,new_needs_annotation,passed_second_visual_preview_qa,0,1,c37838c88bcd9ecd7fb1f99eb00970f3754c9f4ecd8c1dd93ac72c9fe0c605c4,0,0,0,0,1
P02_S01_SRC_0033,P02_S01_SRC_0033.jpg,train,P02,S01,new_needs_annotation,passed_second_visual_preview_qa,1,0,287d3434df5635a458a45104f8db99c8fefab117e28e323e6fcf98ab2e62e133,0,0,0,0,0
P02_S01_SRC_0034,P02_S01_SRC_0034.jpg,train,P02,S01,new_needs_annotation,passed_second_visual_preview_qa,0,2,e1f99230c02bccd9992aa7c67699bd5b21aba202af9b61a71b0277929cc3071d,0,1,1,0,0
P02_S01_SRC_0035,P02_S01_SRC_0035.jpg,train,P02,S01,new_needs_annotation,passed_second_visual_preview_qa,0,1,66fd1206e442755dd18083fde4f4110a4af8d8b2d7bc1f65043e13276b298eed,0,1,0,0,0
P02_S01_SRC_0036,P02_S01_SRC_0036.jpg,train,P02,S01,new_needs_annotation,passed_second_visual_preview_qa,0,1,c9b98070cf40b67908f73b827a0605a307aea41a496ebf429c3609c20c1ac66b,0,1,0,0,0
P02_S01_SRC_0037,P02_S01_SRC_0037.jpg,train,P02,S01,new_needs_annotation,passed_second_visual_preview_qa,0,1,3f34fa97f828bbf5586a9d482015063caf8d2b701bb4543502f00c54e1510d7b,1,0,0,0,0
P02_S01_SRC_0038,P02_S01_SRC_0038.jpg,train,P02,S01,new_needs_annotation,passed_second_visual_preview_qa,0,1,5808c5b8d9cf7c982b96957de76d2eecba456447f557eb1ac9d8577706158359,0,0,1,0,0
P02_S01_SRC_0039,P02_S01_SRC_0039.jpg,train,P02,S01,new_needs_annotation,passed_second_visual_preview_qa,0,2,dc5d47743ac0a0cb8aba80797888490744265243ea3b19150453cc590dad1d01,0,1,1,0,0
P02_S01_SRC_0040,P02_S01_SRC_0040.jpg,train,P02,S01,new_needs_annotation,passed_second_visual_preview_qa,0,1,619083d41af8f3a63d849f02fb1967ba2561c8b6304194cb22fda512767dc7c4,0,0,0,0,1
P02_S01_SRC_0041,P02_S01_SRC_0041.jpg,train,P02,S01,new_needs_annotation,passed_second_visual_preview_qa,0,1,3172cb8cdd53e4796005db7d860beb91408bd07f8e5ef13d9359ab1c45d57b7e,0,0,0,1,0
P02_S01_SRC_0042,P02_S01_SRC_0042.jpg,train,P02,S01,new_needs_annotation,passed_second_visual_preview_qa,0,1,53954eebadcee02b6df98e34d8a7da745e9e507d4ee0836a4d9ebadade9c6ad9,0,0,0,1,0
P02_S01_SRC_0043,P02_S01_SRC_0043.jpg,train,P02,S01,new_needs_annotation,passed_second_visual_preview_qa,0,1,f7d3ce2570e8d9b4c9abe595063e1164c3f0fe84004e8bfaaf26d73f2ce33880,0,1,0,0,0
P02_S01_SRC_0044,P02_S01_SRC_0044.jpg,train,P02,S01,new_needs_annotation,passed_second_visual_preview_qa,0,1,f62445d17a57a08cd49924c61160ae1da0c987e8c048411f766143c188ea1ec3,0,1,0,0,0
P02_S01_SRC_0045,P02_S01_SRC_0045.jpg,train,P02,S01,new_needs_annotation,passed_second_visual_preview_qa,0,1,33dfdd46f264092505afc4dc105b6daa799f75fc2276ae5e64c7cba959ba4381,0,0,0,1,0
P02_S01_SRC_0046,P02_S01_SRC_0046.jpg,train,P02,S01,new_needs_annotation,passed_second_visual_preview_qa,0,1,1071d9050ff6eb2cef585f407c04b64179f6ce0b41ab3ec43ee771c00f98c948,0,0,0,0,1
P02_S01_SRC_0047,P02_S01_SRC_0047.jpg,train,P02,S01,new_needs_annotation,passed_second_visual_preview_qa,0,4,5091bfc0eeb344c69df0f70fae72fb1a0dc9ba21437d5bbb522929802f1169db,1,0,1,2,0
P02_S01_SRC_0048,P02_S01_SRC_0048.jpg,train,P02,S01,new_needs_annotation,passed_second_visual_preview_qa,1,0,449c45a5bf6f0d2b7c439a6615136b49e0a6c6b0880b6b849054ba0d3bf330bc,0,0,0,0,0
P02_S01_SRC_0049,P02_S01_SRC_0049.jpg,train,P02,S01,new_needs_annotation,passed_second_visual_preview_qa,0,1,128460300bcac1e6e862f247c4e1d1ca5ace5a48cf10c836b5ed6b8737e19963,1,0,0,0,0
P02_S01_SRC_0050,P02_S01_SRC_0050.jpg,train,P02,S01,new_needs_annotation,passed_second_visual_preview_qa,0,1,ab785b11247e5a24cfdebf4b9b67f657983adccfb4f661eec9c225773e6332e1,0,0,0,1,0
P02_S01_SRC_0051,P02_S01_SRC_0051.jpg,train,P02,S01,new_needs_annotation,passed_second_visual_preview_qa,0,1,6c06b1ce89ee255a1d182f0489f64d3be0d94d1ecc2f6a9ee6884f50ac1b2d62,0,0,0,1,0
P02_S01_SRC_0052,P02_S01_SRC_0052.jpg,train,P02,S01,new_needs_annotation,passed_second_visual_preview_qa,1,0,ab61106c234f08248d8afd24a38fae8a0d652b620fadc84fa893c8a525fbde08,0,0,0,0,0
P02_S01_SRC_0053,P02_S01_SRC_0053.jpg,train,P02,S01,new_needs_annotation,passed_second_visual_preview_qa,0,1,f66da0b6b56816240ae33daf2ec337589e06a904ef220392b322493abc32a1a7,0,1,0,0,0
P02_S01_SRC_0054,P02_S01_SRC_0054.jpg,train,P02,S01,new_needs_annotation,passed_second_visual_preview_qa,0,1,0aba5f313bc58b67d2132d3bdcd36de8ccfbd1b5e8fab822fb49a6b491db197c,0,1,0,0,0
P02_S01_SRC_0055,P02_S01_SRC_0055.jpg,train,P02,S01,new_needs_annotation,passed_second_visual_preview_qa,0,1,ed25a4ec84b4bf291a02e424ff813aca9422ba580630e3fc7024b8fbe0956c0b,0,0,0,0,1
P02_S01_SRC_0056,P02_S01_SRC_0056.jpg,train,P02,S01,new_needs_annotation,passed_second_visual_preview_qa,1,0,e817cd4c25d76c6b022cefa25f1f049f3459ca8a2f71f4eae7aba0fcb2d5e4b1,0,0,0,0,0
P02_S01_SRC_0057,P02_S01_SRC_0057.jpg,train,P02,S01,new_needs_annotation,passed_second_visual_preview_qa,0,2,88770fabe7def7ed95e9b981eb8fb4c731a546151d9bb91ddfa30dca9845370d,1,0,1,0,0
P02_S01_SRC_0058,P02_S01_SRC_0058.jpg,train,P02,S01,new_needs_annotation,passed_second_visual_preview_qa,0,1,e235f289b3741981b7c4f09934bf90a75e9caffb39a24be7892658b6adf0545e,1,0,0,0,0
P02_S01_SRC_0059,P02_S01_SRC_0059.jpg,train,P02,S01,new_needs_annotation,passed_second_visual_preview_qa,0,1,155d026ae8393f543055a183e4fe7fbe459ef4c2fbb2096a6bd4dd359d3e9344,1,0,0,0,0
P02_S01_SRC_0060,P02_S01_SRC_0060.jpg,train,P02,S01,new_needs_annotation,passed_second_visual_preview_qa,0,1,32f4303bd4531f5439b2ef24953a90e367ddcc1e02e2e4e1e66d8c6d56e011c4,0,0,1,0,0
P02_S01_SRC_0061,P02_S01_SRC_0061.jpg,train,P02,S01,new_needs_annotation,passed_second_visual_preview_qa,0,4,7f3c3ad78dbf9eab2d1547c961b7fe1576b9bd0f388aa118b0761d3500504b1b,1,0,2,1,0
P02_S01_SRC_0062,P02_S01_SRC_0062.jpg,train,P02,S01,new_needs_annotation,passed_second_visual_preview_qa,0,1,b549daa035a9627c73c59bc35a9853460b64a7663f22b1c3854d829bf8cb9978,0,0,1,0,0
P02_S01_SRC_0063,P02_S01_SRC_0063.jpg,train,P02,S01,new_needs_annotation,passed_second_visual_preview_qa,0,1,06519d2cd70259ae2dc0e8d1601ba86408e890d8bc8f25bc19ae8bb499e2ef1f,0,0,0,0,1
P02_S01_SRC_0064,P02_S01_SRC_0064.jpg,train,P02,S01,new_needs_annotation,passed_second_visual_preview_qa,0,1,2c9770609542d91b053bbb23dcde0ea1a749c89591c0f82fdae849f6f0cfa528,0,0,1,0,0
P02_S01_SRC_0065,P02_S01_SRC_0065.jpg,train,P02,S01,new_needs_annotation,passed_second_visual_preview_qa,0,1,f3690b2cb7d5513f5d26f88855d053bf39277748000089b0610cc3433e7cfdeb,1,0,0,0,0
P02_S01_SRC_0066,P02_S01_SRC_0066.jpg,train,P02,S01,new_needs_annotation,passed_second_visual_preview_qa,0,1,bc5f65cb76d245d10298789edefb0169c36ca1564f8c3c1a8f78b9f18cf7b028,0,0,1,0,0
P02_S01_SRC_0067,P02_S01_SRC_0067.jpg,train,P02,S01,new_needs_annotation,passed_second_visual_preview_qa,0,1,68cdc80a245147f4b88730f7b98ddf21d41fc4428570fc8c32e088856a11c224,1,0,0,0,0
P02_S01_SRC_0068,P02_S01_SRC_0068.jpg,train,P02,S01,new_needs_annotation,passed_second_visual_preview_qa,1,0,b83cd5c6c67b80e576083f9294b81ca5b6fa5703540adc9fddd53f65b619615f,0,0,0,0,0
P02_S01_SRC_0069,P02_S01_SRC_0069.jpg,train,P02,S01,new_needs_annotation,passed_second_visual_preview_qa,1,0,537ad9e8b2fc172207158c4d4585d38e62f216e9d0762ff1d8b69c3f2c73130e,0,0,0,0,0
P02_S01_SRC_0070,P02_S01_SRC_0070.jpg,train,P02,S01,new_needs_annotation,passed_second_visual_preview_qa,0,1,c869bc0bb1cd852a98d39806e8026295816e7abb81fc886c43936760e4ecc823,0,0,1,0,0
P02_S01_SRC_0071,P02_S01_SRC_0071.jpg,train,P02,S01,new_needs_annotation,passed_second_visual_preview_qa,0,1,3f383c1c08a3401861c128df675ac4d683c861eeeffcdb1100c8e6da111abb34,0,1,0,0,0
P02_S01_SRC_0072,P02_S01_SRC_0072.jpg,train,P02,S01,new_needs_annotation,passed_second_visual_preview_qa,0,1,1173a12a79d8ec3ae200806ca84909a34a8cd0450f23cac50c27cd9b99e6d630,0,0,1,0,0
P02_S01_SRC_0073,P02_S01_SRC_0073.jpg,train,P02,S01,new_needs_annotation,passed_second_visual_preview_qa,1,0,beda06f79680b4da3c62652c94ccae66597ff434544bd2f2a52f71d03fe5caf9,0,0,0,0,0
P02_S01_SRC_0074,P02_S01_SRC_0074.jpg,train,P02,S01,new_needs_annotation,passed_second_visual_preview_qa,0,1,7115d0b16a7e208aad5a863163d06814705b8874817ce4846321a5240efcbfb1,1,0,0,0,0
P02_S01_SRC_0075,P02_S01_SRC_0075.jpg,train,P02,S01,new_needs_annotation,passed_second_visual_preview_qa,1,0,f7c09d3e5d81e668136823098cc85aeb8a2cd62636b07352063537217c12c75f,0,0,0,0,0
P02_S01_SRC_0076,P02_S01_SRC_0076.jpg,train,P02,S01,new_needs_annotation,passed_second_visual_preview_qa,0,1,0cd1b2b778b43ab8648609c5b9ac253a1bfc9f77b29bc56cb2eed0a09ffafd6a,0,0,1,0,0
P02_S01_SRC_0077,P02_S01_SRC_0077.jpg,train,P02,S01,new_needs_annotation,passed_second_visual_preview_qa,0,1,14fe59a24a1b533be1a074b4848fdf33056285cd49d656268f4443de3411e6f0,0,0,0,1,0
P02_S01_SRC_0078,P02_S01_SRC_0078.jpg,train,P02,S01,new_needs_annotation,passed_second_visual_preview_qa,0,1,46a6c36a5ca626a47a1545c31ea80baf7d9b75335208ad6be04ee40a6c1e2bb8,0,0,1,0,0
P02_S01_SRC_0079,P02_S01_SRC_0079.jpg,train,P02,S01,new_needs_annotation,passed_second_visual_preview_qa,0,1,aad4c7411c58c0a2147a4983c1858833e3a4a3c9b5382a3a14f676a78ba63fa3,0,0,1,0,0
P02_S01_SRC_0080,P02_S01_SRC_0080.jpg,train,P02,S01,new_needs_annotation,passed_second_visual_preview_qa,0,1,b2b25402e8765751e4bb6549e5a448173012fa5ec7364dea96aef1875c0a8f99,0,0,0,1,0
P02_S01_SRC_0081,P02_S01_SRC_0081.jpg,train,P02,S01,new_needs_annotation,passed_second_visual_preview_qa,0,1,dfdf94f3cd589702a7282b9f00be2080d1619462ef2a384f3f7bed7a043f872f,0,0,0,0,1
P02_S01_SRC_0082,P02_S01_SRC_0082.jpg,train,P02,S01,new_needs_annotation,passed_second_visual_preview_qa,0,1,9228b9ef01e13ad6aebd09e9cbefaf6f1f4fb5e7b3bef5d6b8f24b4f08ded31a,0,1,0,0,0
P02_S01_SRC_0083,P02_S01_SRC_0083.jpg,train,P02,S01,new_needs_annotation,passed_second_visual_preview_qa,0,1,4faa91e63ab400e3fa3a3f529bb9bbbef4ccc82f48738b9a78c4c88bf32f4c43,1,0,0,0,0
P02_S01_SRC_0084,P02_S01_SRC_0084.jpg,train,P02,S01,new_needs_annotation,passed_second_visual_preview_qa,0,1,634939697aefa04c98ab40d780ccddf96011c6eee67dae09edddcbddfa0a7c7d,1,0,0,0,0
P02_S01_SRC_0085,P02_S01_SRC_0085.jpg,train,P02,S01,new_needs_annotation,passed_second_visual_preview_qa,1,0,d3fa56582ca8e7dd21205c0aa932ce4e8fa4b5fc5a0350c5d8f427967e416ff9,0,0,0,0,0
P02_S01_SRC_0086,P02_S01_SRC_0086.jpg,train,P02,S01,new_needs_annotation,passed_second_visual_preview_qa,0,1,fa3a6e98dc212f177518c1269bd9bc86c82fd84a5f49562f9aecae63cb467cda,0,0,0,0,1
P02_S01_SRC_0087,P02_S01_SRC_0087.jpg,train,P02,S01,new_needs_annotation,passed_second_visual_preview_qa,0,4,535f7713e316c2382028c91b829191d5ed1045cbec4a2b304451534904801788,1,0,2,1,0
P02_S01_SRC_0088,P02_S01_SRC_0088.jpg,train,P02,S01,new_needs_annotation,passed_second_visual_preview_qa,0,1,b4a3e41856beb8c5028e29951f6309c46999ae66d9c434dd92a6876fab06c08f,0,1,0,0,0
P02_S01_SRC_0089,P02_S01_SRC_0089.jpg,train,P02,S01,new_needs_annotation,passed_second_visual_preview_qa,0,1,a5009867cfac9ca8f07a7ef83c70d77614578c77da17776933e6e20277aa8707,1,0,0,0,0
P02_S01_SRC_0090,P02_S01_SRC_0090.jpg,train,P02,S01,new_needs_annotation,passed_second_visual_preview_qa,0,1,d6e4ee179ef0e4213c8be44d07961435d8f10cbfce5a1da30a2a46fb456a3d53,0,0,1,0,0
P02_S01_SRC_0091,P02_S01_SRC_0091.jpg,train,P02,S01,new_needs_annotation,passed_second_visual_preview_qa,0,1,7facad5ebecc95207f82e8ba0961380758cabc56d538c8dad89bb2eaa2c0281f,0,0,0,1,0
P02_S01_SRC_0092,P02_S01_SRC_0092.jpg,train,P02,S01,new_needs_annotation,passed_second_visual_preview_qa,0,1,c8866de82dc956b311513c501ae5ce2a487e90f934b32918634d9e613dfabbf3,0,0,0,0,1
P02_S01_SRC_0093,P02_S01_SRC_0093.jpg,train,P02,S01,new_needs_annotation,passed_second_visual_preview_qa,0,2,f60c19c48144531993267e1d9cba611ec339b52136c5889cdecf70f1ec6b1053,0,0,1,1,0
P02_S01_SRC_0094,P02_S01_SRC_0094.jpg,train,P02,S01,new_needs_annotation,passed_second_visual_preview_qa,0,3,6053bf24f67c5d7d80c1242ce8697b6f38700ccd9e2802b1fb34f5cbbd4814e0,0,1,1,1,0
P03_S01_CUP_0001,P03_S01_CUP_0001.jpg,test,P03,S01,v1_reviewed_label_reused,v1_reviewed_label_reused_and_hash_matched,0,1,2a1a5b61863e1502d8c3f820888fb8565349c7ff6350f4afaa36e806865e913d,0,0,0,1,0
P03_S01_CUP_0002,P03_S01_CUP_0002.jpg,test,P03,S01,v1_reviewed_label_reused,v1_reviewed_label_reused_and_hash_matched,0,3,c51c8602c5fe5fb83c64ea409fdea7736a69553e774583453d7c370458a68a8d,0,2,0,1,0
P03_S01_CUP_0003,P03_S01_CUP_0003.jpg,test,P03,S01,v1_reviewed_label_reused,v1_reviewed_label_reused_and_hash_matched,0,3,0ad5f026e4b211ffeddcdf32139638deda19f4318397b63ba8c5c46b3a1eb556,0,2,0,1,0
P03_S01_CUP_0004,P03_S01_CUP_0004.jpg,test,P03,S01,v1_reviewed_label_reused,v1_reviewed_label_reused_and_hash_matched,0,2,5f975105cac6b4f01f7591fe4463846977828232414ae5d3cb83fc0d3f6d152a,0,1,0,1,0
P03_S01_CUP_0005,P03_S01_CUP_0005.jpg,test,P03,S01,v1_reviewed_label_reused,v1_reviewed_label_reused_and_hash_matched,0,4,e6f1e99a2c31a3b0f4e4414286225ed9387746d03c9b5f304e91070b9f185b9f,0,3,0,1,0
P03_S01_CUP_0006,P03_S01_CUP_0006.jpg,test,P03,S01,v1_reviewed_label_reused,v1_reviewed_label_reused_and_hash_matched,0,3,d49baa51fdc95db57f3a36ccb43e9c1d5c772e3f047b7f83eb7976f2d706f7cd,0,2,0,1,0
P03_S01_CUP_0007,P03_S01_CUP_0007.jpg,test,P03,S01,v1_reviewed_label_reused,v1_reviewed_label_reused_and_hash_matched,0,3,2ab7de3f967bb24913f168bad3efc234dee668b96bf90267c6a9ca73a91685f1,0,2,0,1,0
P03_S01_CUP_0008,P03_S01_CUP_0008.jpg,test,P03,S01,v1_reviewed_label_reused,v1_reviewed_label_reused_and_hash_matched,0,3,bd304c0895b96b928d9319e98e87d56bd1740d374c2cbaf1aa282f44d21947db,0,2,0,1,0
P03_S01_CUP_0009,P03_S01_CUP_0009.jpg,test,P03,S01,v1_reviewed_label_reused,v1_reviewed_label_reused_and_hash_matched,0,3,a2cb1b79c11292b8ef62e8c60533bfa9317366392e97c7e7e15bfe132e3c5018,0,2,0,1,0
P03_S01_CUP_0010,P03_S01_CUP_0010.jpg,test,P03,S01,v1_reviewed_label_reused,v1_reviewed_label_reused_and_hash_matched,0,3,aa813a11d17f70feab11d6e5a17d9dc71ee592936de1c1c8bc8f5cfb78aa134f,0,2,0,1,0
P03_S01_CUP_0011,P03_S01_CUP_0011.jpg,test,P03,S01,v1_reviewed_label_reused,v1_reviewed_label_reused_and_hash_matched,0,3,affe9888d197156f5e725d1de3df089d2a031c6c86df4c61f607dc4ce1299ce5,0,2,0,1,0
P03_S01_CUP_0012,P03_S01_CUP_0012.jpg,test,P03,S01,v1_reviewed_label_reused,v1_reviewed_label_reused_and_hash_matched,0,3,b72dee1a6ac4ebc5a8d310b8d911caa56f9408ff0990010b0362d90a2a70817a,0,2,0,1,0
P03_S01_CUP_0013,P03_S01_CUP_0013.jpg,test,P03,S01,v1_reviewed_label_reused,v1_reviewed_label_reused_and_hash_matched,0,3,6a48bf97d3bdae478956f1e47a3df825eb8d80f139a53c1c01ef010d7944b5fc,0,2,0,1,0
P03_S01_CUP_0014,P03_S01_CUP_0014.jpg,test,P03,S01,v1_reviewed_label_reused,v1_reviewed_label_reused_and_hash_matched,0,3,afdc4e7ffdf5a32da997fc0f2aea7172f651eacad7a3c709e610a83f95419362,0,2,0,1,0
P03_S01_CUP_0015,P03_S01_CUP_0015.jpg,test,P03,S01,v1_reviewed_label_reused,v1_reviewed_label_reused_and_hash_matched,0,3,d60b203f624bb16d865486ad6dd2dd9f043e585311bb74518399b532d7423593,0,2,0,1,0
P03_S01_CUP_0016,P03_S01_CUP_0016.jpg,test,P03,S01,v1_reviewed_label_reused,v1_reviewed_label_reused_and_hash_matched,0,5,af30d90b34b9ac48b0c1b1a453d1db2f01150b8434d9de0dcf070f69d8327941,0,4,0,1,0
P03_S01_CUP_0017,P03_S01_CUP_0017.jpg,test,P03,S01,v1_reviewed_label_reused,v1_reviewed_label_reused_and_hash_matched,0,4,84b6d1ec4d2f15d905a8e74648af490378073e8042f5df38dc71bb9df46db76a,0,3,0,1,0
P03_S01_CUP_0018,P03_S01_CUP_0018.jpg,test,P03,S01,v1_reviewed_label_reused,v1_reviewed_label_reused_and_hash_matched,0,1,b7dd666249fe6d1057e33a4bf1e058e610f69deccf5b34cbf8c484de88749d49,0,0,0,1,0
P03_S01_CUP_0019,P03_S01_CUP_0019.jpg,test,P03,S01,v1_reviewed_label_reused,v1_reviewed_label_reused_and_hash_matched,0,1,289b3680e736702284af3a5622c215ab0cd9a5fd764f2a8cae1ccf6d653a3370,0,0,0,1,0
P03_S01_CUP_0020,P03_S01_CUP_0020.jpg,test,P03,S01,v1_reviewed_label_reused,v1_reviewed_label_reused_and_hash_matched,0,2,65116b1c5f793eded60d1fccf619256d27f9f555f34aea67ca38616e0e97060c,0,1,0,1,0
P03_S01_CUP_0021,P03_S01_CUP_0021.jpg,test,P03,S01,v1_reviewed_label_reused,v1_reviewed_label_reused_and_hash_matched,0,3,094609d81cc72d1282059ee9bc67ef3f8ab5e3a57d37bd1dd988b59088154387,0,2,0,1,0
P03_S01_CUP_0022,P03_S01_CUP_0022.jpg,test,P03,S01,v1_reviewed_label_reused,v1_reviewed_label_reused_and_hash_matched,0,4,404c49319ec3fb97b3c3f5a66258ccfd18f8eff1df6b780084f59a2214930faf,0,3,0,1,0
P03_S01_CUP_0023,P03_S01_CUP_0023.jpg,test,P03,S01,v1_reviewed_label_reused,v1_reviewed_label_reused_and_hash_matched,0,3,2d3489e8759a60205b0099a2c807b35c4fae75244f662c4a0097a6d219a02b4d,0,2,0,1,0
P03_S01_CUP_0024,P03_S01_CUP_0024.jpg,test,P03,S01,v1_reviewed_label_reused,v1_reviewed_label_reused_and_hash_matched,0,3,2b881b61903831534f064643939800c56b13e8e4f3639b273abe0bed8065d3e9,0,2,0,1,0
P03_S01_CUP_0025,P03_S01_CUP_0025.jpg,test,P03,S01,v1_reviewed_label_reused,v1_reviewed_label_reused_and_hash_matched,0,1,dd89d389ece511ab7a43aedfb1ee123a2f24587597e034f4a4df297a77502788,0,0,0,1,0
P03_S01_KEY_0001,P03_S01_KEY_0001.jpg,test,P03,S01,v1_reviewed_label_reused,v1_reviewed_label_reused_and_hash_matched,0,1,9c4453c61a68ef59271ab46a37bde8376e004d729a66aa34537e381da9d028df,0,1,0,0,0
P03_S01_KEY_0002,P03_S01_KEY_0002.jpg,test,P03,S01,v1_reviewed_label_reused,v1_reviewed_label_reused_and_hash_matched,0,1,8bd2cff25c7567f8e68e18def2c2a63332553cb454572e37c84942764409de29,0,1,0,0,0
P03_S01_KEY_0003,P03_S01_KEY_0003.jpg,test,P03,S01,v1_reviewed_label_reused,v1_reviewed_label_reused_and_hash_matched,0,1,a3e00202bac53575a4e6aa5bd9db5a482a27e898a298a07bc0ee6023793ca8d0,0,1,0,0,0
P03_S01_KEY_0004,P03_S01_KEY_0004.jpg,test,P03,S01,v1_reviewed_label_reused,v1_reviewed_label_reused_and_hash_matched,0,1,01a8642e0e8b7f5644b8005ae6299aa0bda7467fb2c214812b879ec9ed49278e,0,1,0,0,0
P03_S01_KEY_0005,P03_S01_KEY_0005.jpg,test,P03,S01,v1_reviewed_label_reused,v1_reviewed_label_reused_and_hash_matched,0,1,a96f525edbecb20204a5b16c59354bb45b6410a5fb7cb07d8c4c57017fb89a3e,0,1,0,0,0
P03_S01_KEY_0006,P03_S01_KEY_0006.jpg,test,P03,S01,v1_reviewed_label_reused,v1_reviewed_label_reused_and_hash_matched,0,1,911a62badcc0de27476d7668c7c000b8721fb86a7443b8feac37cbe4074e69d3,0,1,0,0,0
P03_S01_KEY_0007,P03_S01_KEY_0007.jpg,test,P03,S01,v1_reviewed_label_reused,v1_reviewed_label_reused_and_hash_matched,0,1,d1d8b227a1aa632ff8685dbb9b1f118bfa61c72d3fa2b265e3b5620c6583ef6f,0,1,0,0,0
P03_S01_KEY_0008,P03_S01_KEY_0008.jpg,test,P03,S01,v1_reviewed_label_reused,v1_reviewed_label_reused_and_hash_matched,0,1,e2503e20925ae5412b3eb585799a9ad897a1980dc5ea32428ce770bc586cabbe,0,1,0,0,0
P03_S01_KEY_0009,P03_S01_KEY_0009.jpg,test,P03,S01,v1_reviewed_label_reused,v1_reviewed_label_reused_and_hash_matched,0,1,d5fad57a7dc7f40956491a7f0769f2e320b20ae992c431bfacc0ff4c513675d5,0,1,0,0,0
P03_S01_MIX_0001,P03_S01_MIX_0001.jpg,test,P03,S01,v1_reviewed_label_reused,v1_reviewed_label_reused_and_hash_matched,0,5,a0d635da831f6a97f9f0c52b5a1cdc44e7205978baf36679bd90f5019ce38206,0,3,1,1,0
P03_S01_MIX_0002,P03_S01_MIX_0002.jpg,test,P03,S01,v1_reviewed_label_reused,v1_reviewed_label_reused_and_hash_matched,0,3,7f9db7946ceac4112030257d465412d233b60eab4a003a04c867cca841c92b79,0,1,1,1,0
P03_S01_MIX_0003,P03_S01_MIX_0003.jpg,test,P03,S01,v1_reviewed_label_reused,v1_reviewed_label_reused_and_hash_matched,0,4,b968c61ec57a1d7170abf5b844c2c4852ea2da3806a6959050fc665a21564abb,0,2,1,1,0
P03_S01_MIX_0004,P03_S01_MIX_0004.jpg,test,P03,S01,v1_reviewed_label_reused,v1_reviewed_label_reused_and_hash_matched,0,4,b5ab1eca84a70a0c896ca32675611cebe183e8baafc5663a82e60be0df1ae032,0,2,1,1,0
P03_S01_MOU_0001,P03_S01_MOU_0001.jpg,test,P03,S01,v1_reviewed_label_reused,v1_reviewed_label_reused_and_hash_matched,0,1,bad91501fd397d7aa626b3cb6f13301495811b508e27b466805dd62e3b5da3ea,1,0,0,0,0
P03_S01_MOU_0002,P03_S01_MOU_0002.jpg,test,P03,S01,v1_reviewed_label_reused,v1_reviewed_label_reused_and_hash_matched,0,1,2108b642784674a962a5a59fda82e5e57490fcaabfffa6e970ccfd82d2d9e9fd,1,0,0,0,0
P03_S01_MOU_0003,P03_S01_MOU_0003.jpg,test,P03,S01,v1_reviewed_label_reused,v1_reviewed_label_reused_and_hash_matched,0,1,65420ad0db6286497b3cd946a33dd2d0f11e994a892206b3304376d599227324,1,0,0,0,0
P03_S01_MOU_0004,P03_S01_MOU_0004.jpg,test,P03,S01,v1_reviewed_label_reused,v1_reviewed_label_reused_and_hash_matched,0,2,4b11f09caf38e452d8fda2f0ce93978fc30920e1c724af613ce31b6584f748c9,1,1,0,0,0
P03_S01_MOU_0005,P03_S01_MOU_0005.jpg,test,P03,S01,v1_reviewed_label_reused,v1_reviewed_label_reused_and_hash_matched,0,2,6188cbc8848d4a8f244295f3d9e2fce15cf44768dfc27dbea961dc313de95de4,1,1,0,0,0
P03_S01_MOU_0006,P03_S01_MOU_0006.jpg,test,P03,S01,v1_reviewed_label_reused,v1_reviewed_label_reused_and_hash_matched,0,2,b04865d6ee325ba8c3cbc2f5e3a616fe28cfd43f8ac994f670e20ac45cdbdcfb,1,1,0,0,0
P03_S01_MOU_0007,P03_S01_MOU_0007.jpg,test,P03,S01,v1_reviewed_label_reused,v1_reviewed_label_reused_and_hash_matched,0,3,da1e8fcd039352f2c80abfe37ce7b1cceb914f9048d8515793f8b08de3ff9ef1,1,2,0,0,0
P03_S01_MOU_0008,P03_S01_MOU_0008.jpg,test,P03,S01,v1_reviewed_label_reused,v1_reviewed_label_reused_and_hash_matched,0,2,fb71fdb8052c670c53530b95a5f488a4d737c1379af8478b120f007a651ca6ed,1,1,0,0,0
P03_S01_MOU_0009,P03_S01_MOU_0009.jpg,test,P03,S01,v1_reviewed_label_reused,v1_reviewed_label_reused_and_hash_matched,0,2,50d7008f7e83edae7523271dc5244d23700364a239a9e6b13dd5a74e66d4108f,1,1,0,0,0
P03_S01_MOU_0010,P03_S01_MOU_0010.jpg,test,P03,S01,v1_reviewed_label_reused,v1_reviewed_label_reused_and_hash_matched,0,2,b045290267e70101898be477a541b79c604156fe51e76ce97d9b0569b4cddc60,1,1,0,0,0
P03_S01_MOU_0011,P03_S01_MOU_0011.jpg,test,P03,S01,v1_reviewed_label_reused,v1_reviewed_label_reused_and_hash_matched,0,2,7530dfa82df2fbb4dc9e0b85a773e56817ef9d59cd2878799bb6baaf10f95744,1,1,0,0,0
P03_S01_MOU_0012,P03_S01_MOU_0012.jpg,test,P03,S01,v1_reviewed_label_reused,v1_reviewed_label_reused_and_hash_matched,0,2,04f05d4f0805458d69bb61bb790dce202ce643dd25428c1c9a8c6aceed8c84d6,1,1,0,0,0
P03_S01_MOU_0013,P03_S01_MOU_0013.jpg,test,P03,S01,v1_reviewed_label_reused,v1_reviewed_label_reused_and_hash_matched,0,2,7b70993effc89046214d2ff65c1e49b6bdf6de647667bd175512b2c5984729b0,1,1,0,0,0
P03_S01_MOU_0014,P03_S01_MOU_0014.jpg,test,P03,S01,v1_reviewed_label_reused,v1_reviewed_label_reused_and_hash_matched,0,2,77f27c9b4371926b73bdddcd2794bbf23a48170eb4158e1705a9325f61a85b13,1,1,0,0,0
P03_S01_MOU_0015,P03_S01_MOU_0015.jpg,test,P03,S01,v1_reviewed_label_reused,v1_reviewed_label_reused_and_hash_matched,0,2,54cf766a75e89e5a37e4c2e877c7f958681b21797b1dfc2ff5bfedc0e06583c2,1,1,0,0,0
P03_S01_MOU_0016,P03_S01_MOU_0016.jpg,test,P03,S01,v1_reviewed_label_reused,v1_reviewed_label_reused_and_hash_matched,0,2,247d0a44bd2dd7dc9591a18aec32010829a87228656a1a01b0799a950c6d03b6,1,1,0,0,0
P03_S01_MOU_0017,P03_S01_MOU_0017.jpg,test,P03,S01,v1_reviewed_label_reused,v1_reviewed_label_reused_and_hash_matched,0,2,d96e6d2bb8420ef8700c82591342c3524ff3d3f721e786400ce090edc2b08d8c,1,1,0,0,0
P03_S01_MOU_0018,P03_S01_MOU_0018.jpg,test,P03,S01,v1_reviewed_label_reused,v1_reviewed_label_reused_and_hash_matched,0,2,0bb75a33d49e67ec18f45f4b6b8fa724b14ef17076ae9ebed86c7c78f67db2b0,1,1,0,0,0
P03_S01_MOU_0019,P03_S01_MOU_0019.jpg,test,P03,S01,v1_reviewed_label_reused,v1_reviewed_label_reused_and_hash_matched,0,2,4f5dc006115c2d2843db8307c78dea285aa242f4ec1cd77e66b410fd066b7ead,1,1,0,0,0
P03_S01_MOU_0020,P03_S01_MOU_0020.jpg,test,P03,S01,v1_reviewed_label_reused,v1_reviewed_label_reused_and_hash_matched,0,2,f29eceef0c3ac18a058efa2597466a8568294c260db343b94e803285c3f0d7e3,1,1,0,0,0
P03_S01_MOU_0021,P03_S01_MOU_0021.jpg,test,P03,S01,v1_reviewed_label_reused,v1_reviewed_label_reused_and_hash_matched,0,2,e438af9cb1fc12b74f04d9bc30889acf9739ecd92f4bd202db028f989ff6f485,1,1,0,0,0
P03_S01_MOU_0022,P03_S01_MOU_0022.jpg,test,P03,S01,v1_reviewed_label_reused,v1_reviewed_label_reused_and_hash_matched,0,2,bd092ed8c4c8753821d1878e94bae319cfe90bceb226e25b1830d978d514fe6f,1,1,0,0,0
P03_S01_MOU_0023,P03_S01_MOU_0023.jpg,test,P03,S01,v1_reviewed_label_reused,v1_reviewed_label_reused_and_hash_matched,0,2,2cda6cc437fd0717f70b2b53a9911224a41df9e2a925c2c7974ec148fc7f5c37,1,1,0,0,0
P03_S01_MOU_0024,P03_S01_MOU_0024.jpg,test,P03,S01,v1_reviewed_label_reused,v1_reviewed_label_reused_and_hash_matched,0,2,aa0763b1941b0f7c8148142e9ce17b82db4832d3466f8b8aa90d9b461adbb210,1,1,0,0,0
P03_S01_MOU_0025,P03_S01_MOU_0025.jpg,test,P03,S01,v1_reviewed_label_reused,v1_reviewed_label_reused_and_hash_matched,0,2,44c0d99aad108129c3789d329006f145c2f281b1d1e10f07e0b6dece3100c70d,1,1,0,0,0
P03_S01_MOU_0026,P03_S01_MOU_0026.jpg,test,P03,S01,v1_reviewed_label_reused,v1_reviewed_label_reused_and_hash_matched,0,2,ea02928f4e9f0945a828039bc4e39c15d6752b44076b19e85736b4e279af4bd4,1,1,0,0,0
P03_S01_MOU_0027,P03_S01_MOU_0027.jpg,test,P03,S01,v1_reviewed_label_reused,v1_reviewed_label_reused_and_hash_matched,0,2,6b68e021752a0f0fbc5cab24ad5331b3b30584d0770a53d40a674ee036d59887,1,1,0,0,0
P03_S01_MIX_0005,P03_S01_MIX_0005.jpg,test,P03,S01,v1_reviewed_label_reused,v1_reviewed_label_reused_and_hash_matched,0,4,d7da630722391be8bb4214108f3c2786e3c55d223763832a2dec56bb01332988,1,2,0,1,0
P03_S01_MIX_0006,P03_S01_MIX_0006.jpg,test,P03,S01,v1_reviewed_label_reused,v1_reviewed_label_reused_and_hash_matched,0,5,99169e5315736294faa1671abb6549cce32729e464029a3c34ae117fa10931f7,1,3,0,1,0
P03_S01_MIX_0007,P03_S01_MIX_0007.jpg,test,P03,S01,v1_reviewed_label_reused,v1_reviewed_label_reused_and_hash_matched,0,6,30611bcc03672b3dd4525e567ce162169cfd5f78e86366ea897798eef61c714c,2,3,0,1,0
P03_S01_MIX_0008,P03_S01_MIX_0008.jpg,test,P03,S01,v1_reviewed_label_reused,v1_reviewed_label_reused_and_hash_matched,0,6,53570e4b7ba05a6a3f59872b36223ff2ecc6f6b3dd7cc88ce6d707357bc03066,2,3,0,1,0
P03_S01_MIX_0009,P03_S01_MIX_0009.jpg,test,P03,S01,v1_reviewed_label_reused,v1_reviewed_label_reused_and_hash_matched,0,5,0bd435c7b3e456e59b0cee247870ba0f3e84efb4b773deee4d699e3b70117b24,2,2,0,1,0
P03_S01_MIX_0010,P03_S01_MIX_0010.jpg,test,P03,S01,v1_reviewed_label_reused,v1_reviewed_label_reused_and_hash_matched,0,6,db3a0a16ad1dd19027165312d6e84ee4c8bd53cc292f4776ddc171d5100ff669,2,3,0,1,0
P03_S01_MIX_0011,P03_S01_MIX_0011.jpg,test,P03,S01,v1_reviewed_label_reused,v1_reviewed_label_reused_and_hash_matched,0,8,490b4c94c09034aaeb16e5bac57fb1c995a9b99a82010a49987736c3b3e80376,2,5,0,1,0
P03_S01_MIX_0012,P03_S01_MIX_0012.jpg,test,P03,S01,v1_reviewed_label_reused,v1_reviewed_label_reused_and_hash_matched,0,5,1f32ab95273d421a04d23a7afafa01fc8418cdd3b0097c3fd10aa77ce53ffb1b,1,3,0,1,0
P03_S01_MIX_0013,P03_S01_MIX_0013.jpg,test,P03,S01,v1_reviewed_label_reused,v1_reviewed_label_reused_and_hash_matched,0,5,2ce5101e68aa1b10ab49b523087306e9106e92e0314d0b3be519b29a0742a049,1,3,0,1,0
P03_S01_MIX_0014,P03_S01_MIX_0014.jpg,test,P03,S01,v1_reviewed_label_reused,v1_reviewed_label_reused_and_hash_matched,0,8,41867449c0243a01a37915c4a8dfd2d633a62d88e6c56648d4ab89396d6986b9,3,4,0,1,0
P03_S01_MIX_0015,P03_S01_MIX_0015.jpg,test,P03,S01,v1_reviewed_label_reused,v1_reviewed_label_reused_and_hash_matched,0,6,f7a78e5c3a800ffb5731a8ade8cf0e632d0cc51b1728b1ab952551434568fc1e,1,3,0,2,0
P03_S01_MIX_0016,P03_S01_MIX_0016.jpg,test,P03,S01,v1_reviewed_label_reused,v1_reviewed_label_reused_and_hash_matched,0,5,709600162cc871ec85cc7e1e1697b7e4256a061f0ce56b62f5a581cbf0db9f8a,1,2,0,2,0
P03_S01_MIX_0017,P03_S01_MIX_0017.jpg,test,P03,S01,v1_reviewed_label_reused,v1_reviewed_label_reused_and_hash_matched,0,4,64346dee4e488617698f78e58a330836b3cc6b02c7a91cd1598e6d9c178c5dd4,1,2,0,1,0
P03_S01_MIX_0018,P03_S01_MIX_0018.jpg,test,P03,S01,v1_reviewed_label_reused,v1_reviewed_label_reused_and_hash_matched,0,3,60edab31bda81466093a3ed806b2a4135d14726f67a368d0982a97e39e7374c2,1,1,0,1,0
P04_S01_CUP_0005,P04_S01_CUP_0005.jpg,train,P04,S01,new_needs_annotation,passed_second_visual_preview_qa,0,1,4a710628f98012fe0a2b546a968741f4eb3bf1ba7d300064300c12f6d6032096,0,0,0,1,0
P04_S01_CUP_0013,P04_S01_CUP_0013.jpg,train,P04,S01,new_needs_annotation,passed_second_visual_preview_qa,0,1,9d7e7761dd3acbc1471239a94c581627b2aacc273d95aacbbf0a9519c085b799,0,0,0,1,0
P04_S01_CUP_0014,P04_S01_CUP_0014.jpg,train,P04,S01,new_needs_annotation,passed_second_visual_preview_qa,0,1,ce8cbb2c28cd0309dd17b752478ebc19b6bc2d6e1fe82cc51abc149f76964f7f,0,0,0,1,0
P04_S01_CUP_0026,P04_S01_CUP_0026.jpg,train,P04,S01,new_needs_annotation,passed_second_visual_preview_qa,0,1,9f459d67341b487e81eba62b4e93853c116dc7aeee716651d77752f052cc562c,0,0,0,1,0
P04_S01_CUP_0027,P04_S01_CUP_0027.jpg,train,P04,S01,new_needs_annotation,passed_second_visual_preview_qa,0,1,0139a537373cd24ee43f697a2338995bfb7b13f5a0fa7da4c7f5fbedd78fbbc0,0,0,0,1,0
P04_S01_CUP_0028,P04_S01_CUP_0028.jpg,train,P04,S01,new_needs_annotation,passed_second_visual_preview_qa,0,1,0af252b3141e9c551da1282c3de9b738ff8055a814301b6d63d582db280a06e8,0,0,0,1,0
P04_S01_HDP_0006,P04_S01_HDP_0006.jpg,train,P04,S01,new_needs_annotation,passed_second_visual_preview_qa,0,1,91243a0a053723f1bda4d86050d8b6359f13f17c080c9cda89423171a095c870,0,0,0,0,1
P04_S01_HDP_0015,P04_S01_HDP_0015.jpg,train,P04,S01,new_needs_annotation,passed_second_visual_preview_qa,0,1,f9ebf732df11ba09258e4408be8a89c6928a1c524c265447ee46edbff42d8d05,0,0,0,0,1
P04_S01_HDP_0016,P04_S01_HDP_0016.jpg,train,P04,S01,new_needs_annotation,passed_second_visual_preview_qa,0,1,b83858ab674432b1351c8f867e158e5504af22e8af1daf980a4bb678928ac629,0,0,0,0,1
P04_S01_HDP_0029,P04_S01_HDP_0029.jpg,train,P04,S01,new_needs_annotation,passed_second_visual_preview_qa,0,1,5327cced16f0fe6d4834121865a5edc310e7bc003293bc9340a341ed323bffc9,0,0,0,0,1
P04_S01_HDP_0030,P04_S01_HDP_0030.jpg,train,P04,S01,new_needs_annotation,passed_second_visual_preview_qa,0,1,289673521c6fdabc98b1eb9527be9f9f190c093cf203afdbf3b02feaa2edce7c,0,0,0,0,1
P04_S01_HDP_0031,P04_S01_HDP_0031.jpg,train,P04,S01,new_needs_annotation,passed_second_visual_preview_qa,0,1,3fee29c084702448d5bb8e2409568686eba4b3755abaa9fda19c6c2f751740ca,0,0,0,0,1
P04_S01_KEY_0003,P04_S01_KEY_0003.jpg,train,P04,S01,new_needs_annotation,passed_second_visual_preview_qa,0,1,757990950549f1238ecb07d06bcedc9a02a14ee7129965d8997d1e6596fb7224,0,1,0,0,0
P04_S01_KEY_0009,P04_S01_KEY_0009.jpg,train,P04,S01,new_needs_annotation,passed_second_visual_preview_qa,0,1,bb7333d3be4c67b75339cff89464aae8df56955a2470ca2eb551cd577e6efa5b,0,1,0,0,0
P04_S01_KEY_0010,P04_S01_KEY_0010.jpg,train,P04,S01,new_needs_annotation,passed_second_visual_preview_qa,0,1,1e3fef254f83d5318d53784fcc178545b5294272d8408f95e853f2a44165452e,0,1,0,0,0
P04_S01_KEY_0020,P04_S01_KEY_0020.jpg,train,P04,S01,new_needs_annotation,passed_second_visual_preview_qa,0,1,ef3aa1953562432322223a8aa3f2acbaa2621ba991213123cc8261229ccb824a,0,1,0,0,0
P04_S01_KEY_0021,P04_S01_KEY_0021.jpg,train,P04,S01,new_needs_annotation,passed_second_visual_preview_qa,0,1,7b7eda748411adfdb3e8ea9bc75bfb337abcfc17ab1d56dd9d1f79fb860aa728,0,1,0,0,0
P04_S01_KEY_0022,P04_S01_KEY_0022.jpg,train,P04,S01,new_needs_annotation,passed_second_visual_preview_qa,0,1,ed5c1baf1f393902beaf8c074cf3a0cf1a74c864188402a7b7f58f41d11783f8,0,1,0,0,0
P04_S01_LAP_0001,P04_S01_LAP_0001.jpg,train,P04,S01,new_needs_annotation,passed_second_visual_preview_qa,0,1,2469541d62b761557c980cf58913dce749e06a3062d59ea2aaa7a1b2bdfd4b1f,0,0,1,0,0
P04_S01_LAP_0004,P04_S01_LAP_0004.jpg,train,P04,S01,new_needs_annotation,passed_second_visual_preview_qa,0,1,546c5ebcc3c15221d7a80d45f3a8965c8cf52d4e36a2e127968123af7326d6d1,0,0,1,0,0
P04_S01_LAP_0011,P04_S01_LAP_0011.jpg,train,P04,S01,new_needs_annotation,passed_second_visual_preview_qa,0,1,59c177af09af61b9f9d0804fe0494c284573008921cb8f78f3e2d1c68aaa6f60,0,0,1,0,0
P04_S01_LAP_0012,P04_S01_LAP_0012.jpg,train,P04,S01,new_needs_annotation,passed_second_visual_preview_qa,0,1,037b4120fb56596b394bd0f399007f449e5876eaa1f668ba2f3fc5f2bebf1242,0,0,1,0,0
P04_S01_LAP_0023,P04_S01_LAP_0023.jpg,train,P04,S01,new_needs_annotation,passed_second_visual_preview_qa,0,1,105faa24f631a4586e769c2140d200e48e6d2a3548aef6696843f3cf79b8a1e2,0,0,1,0,0
P04_S01_LAP_0024,P04_S01_LAP_0024.jpg,train,P04,S01,new_needs_annotation,passed_second_visual_preview_qa,0,1,03b3e58f803da2d53d784e082987f63dbfda41002282f69951903ad17fe87c6c,0,0,1,0,0
P04_S01_LAP_0025,P04_S01_LAP_0025.jpg,train,P04,S01,new_needs_annotation,passed_second_visual_preview_qa,0,1,9da9b33554c60d66d38f7b06863ff7d64b5b34a5395027e95433c248fed5a20d,0,0,1,0,0
P04_S01_MOU_0002,P04_S01_MOU_0002.jpg,train,P04,S01,new_needs_annotation,passed_second_visual_preview_qa,0,1,e38cf1e36ed951b24c36687ace73638f91be1abdad148ff7a4041ee12cdc2d84,1,0,0,0,0
P04_S01_MOU_0007,P04_S01_MOU_0007.jpg,train,P04,S01,new_needs_annotation,passed_second_visual_preview_qa,0,1,1f43c3e889f0f28a06dca964dfca1cf770daefac0a3ca9e6f6e59b03cf969b5d,1,0,0,0,0
P04_S01_MOU_0008,P04_S01_MOU_0008.jpg,train,P04,S01,new_needs_annotation,passed_second_visual_preview_qa,0,1,2d707804673774c399af91b4c055279bf4401c9d1139ec286c77c450428f40da,1,0,0,0,0
P04_S01_MOU_0017,P04_S01_MOU_0017.jpg,train,P04,S01,new_needs_annotation,passed_second_visual_preview_qa,0,1,9c7b9529fb745b9f12e297dd523827e0d3999ea83cc000e3d7e895d179713178,1,0,0,0,0
P04_S01_MOU_0018,P04_S01_MOU_0018.jpg,train,P04,S01,new_needs_annotation,passed_second_visual_preview_qa,0,1,0b86a837bd23b05d14689c1398d47c14d2a5ec3f672b5a0895586a3f7e43b4d4,1,0,0,0,0
P04_S01_MOU_0019,P04_S01_MOU_0019.jpg,train,P04,S01,new_needs_annotation,passed_second_visual_preview_qa,0,1,071a25cc8b81f7b6a5dc356ca6d81c0aaa02ed5ba437e1479cac083946886024,1,0,0,0,0
P04_S02_MIX_0001,P04_S02_MIX_0001.jpg,train,P04,S02,new_needs_annotation,passed_second_visual_preview_qa,0,3,ed11903f1a19f2ec1391f39bed75ab5f5a509cf4f798e2494a6c3957680e2259,1,1,0,1,0
P04_S02_MIX_0002,P04_S02_MIX_0002.jpg,train,P04,S02,new_needs_annotation,passed_second_visual_preview_qa,0,2,03d860aede91157b0ab0ee09fb06f7be6f36c26de4e9d96fedebbeb29b60fa10,1,1,0,0,0
P04_S02_MIX_0003,P04_S02_MIX_0003.jpg,train,P04,S02,new_needs_annotation,passed_second_visual_preview_qa,0,2,7c741a93b3d84e263c6ef658eb3cb4ac1bff90ede5ea704d1890cbb46ab112b7,0,0,1,1,0
P04_S02_MIX_0004,P04_S02_MIX_0004.jpg,train,P04,S02,new_needs_annotation,passed_second_visual_preview_qa,0,2,92d6b9f114666543b4efe81d7ddf4a8a9399726e40be1050cd6d3f14bb409ff8,0,1,0,0,1
P04_S02_MIX_0005,P04_S02_MIX_0005.jpg,train,P04,S02,new_needs_annotation,passed_second_visual_preview_qa,0,3,fd627307a9cb99df7ea844e114f3b738bf595abc3b386b1a8e102918a69f6449,1,0,0,1,1
P04_S02_MIX_0006,P04_S02_MIX_0006.jpg,train,P04,S02,new_needs_annotation,passed_second_visual_preview_qa,0,5,7029961a1ed90ffcfe7594d9ea3919655b81a3eb6c4fc0dd08486989eae6e01f,1,1,1,1,1
P04_S02_MIX_0007,P04_S02_MIX_0007.jpg,train,P04,S02,new_needs_annotation,passed_second_visual_preview_qa,0,3,6d035bda2f968bea84d28eb82add2f84320aec4ef7ea3aa2d1deb138b4356f16,1,1,0,1,0
P04_S02_MIX_0008,P04_S02_MIX_0008.jpg,train,P04,S02,new_needs_annotation,passed_second_visual_preview_qa,0,3,537cad130b33cd30ba4fd94081b67fbb4465fb89926b74b09076a1c090647fb5,1,1,0,1,0
P04_S02_MIX_0009,P04_S02_MIX_0009.jpg,train,P04,S02,new_needs_annotation,passed_second_visual_preview_qa,0,2,1d615e9df86fff6392553550373de67e8e372ef5dbde48aac2f4235cb14f2839,1,0,1,0,0
P04_S02_MIX_0010,P04_S02_MIX_0010.jpg,train,P04,S02,new_needs_annotation,passed_second_visual_preview_qa,0,2,296f9fbc09f5bc3fa39cda08d029ff86b87674908d0559537ff582ce34c9ee6d,1,0,1,0,0
P04_S02_MIX_0011,P04_S02_MIX_0011.jpg,train,P04,S02,new_needs_annotation,passed_second_visual_preview_qa,0,3,fb8d4793aa4fe216b7360adc8b9723488d3e2f32a29e3c97ba6080c561fb94b0,1,0,0,1,1
P04_S02_MIX_0012,P04_S02_MIX_0012.jpg,train,P04,S02,new_needs_annotation,passed_second_visual_preview_qa,0,3,68e3a86ceb4d16e45a330da9dbaf3af80f513c9b3d386b524c71208b40cde49f,1,0,0,1,1
P04_S02_MIX_0013,P04_S02_MIX_0013.jpg,train,P04,S02,new_needs_annotation,passed_second_visual_preview_qa,0,4,d4089b794db058712abfa454ff9c914f3df4ca65b5931de9ede631c2e86e3f3f,0,1,1,1,1
P04_S02_MIX_0014,P04_S02_MIX_0014.jpg,train,P04,S02,new_needs_annotation,passed_second_visual_preview_qa,0,4,e5185eeef226ca6db86da1834360db096773129e01620dd0dc819e15efacbb18,0,1,1,1,1
P04_S02_MIX_0015,P04_S02_MIX_0015.jpg,train,P04,S02,new_needs_annotation,passed_second_visual_preview_qa,0,2,858be5f1ef8a0e5b0699fd00de26baf96e3ab5a6b89ff040e6de98459c17ddfa,0,1,0,0,1
P04_S02_MIX_0016,P04_S02_MIX_0016.jpg,train,P04,S02,new_needs_annotation,passed_second_visual_preview_qa,0,2,643f43c7709b893ad9c7f867d82d24184a77c082a0f07d38a13674950f093c09,0,1,0,0,1
P04_S02_MIX_0017,P04_S02_MIX_0017.jpg,train,P04,S02,new_needs_annotation,passed_second_visual_preview_qa,0,3,491c060b80449a960588fe7b4b65256ace24771e862332d4cf714e49688ad4f7,1,1,0,1,0
P04_S02_MIX_0018,P04_S02_MIX_0018.jpg,train,P04,S02,new_needs_annotation,passed_second_visual_preview_qa,0,3,4bd9f25afc14e6374b5e1ee4afbbab145f7cf4b56a397cd07da696e9332915fb,1,1,0,1,0
P04_S02_MIX_0019,P04_S02_MIX_0019.jpg,train,P04,S02,new_needs_annotation,passed_second_visual_preview_qa,0,3,2746c1bb1ccab39d451299adf0e8bcd21c5f782591900d63e2638a9e98080c5c,1,1,0,1,0
P04_S02_MIX_0020,P04_S02_MIX_0020.jpg,train,P04,S02,new_needs_annotation,passed_second_visual_preview_qa,0,2,0db9d066e384dc365100fed09d002d25b8ad8466ce423efe077ad2db6e0b2e04,1,0,1,0,0
P04_S02_MIX_0021,P04_S02_MIX_0021.jpg,train,P04,S02,new_needs_annotation,passed_second_visual_preview_qa,0,2,f4b95dd7fa282384d4b1a09e7fd985c0c0adedf99dce4b20b96dadb83dbc5ac3,1,0,1,0,0
P04_S02_MIX_0022,P04_S02_MIX_0022.jpg,train,P04,S02,new_needs_annotation,passed_second_visual_preview_qa,0,2,aa856d4b023b28c3babcdfb429e604d35e1544df0593cd6b2479297816bbd904,1,0,1,0,0
P04_S02_MIX_0023,P04_S02_MIX_0023.jpg,train,P04,S02,new_needs_annotation,passed_second_visual_preview_qa,0,2,0131d77258f431e82523ea181967cdaaafe533a45fe5770bf7a4e651739147cd,0,0,0,1,1
P04_S02_MIX_0024,P04_S02_MIX_0024.jpg,train,P04,S02,new_needs_annotation,passed_second_visual_preview_qa,0,2,68a44d53c0e2ecab495dc7bff504e6d9bd7ff9cdfd783491aa3d33b93c4c616c,0,0,0,1,1
P04_S02_MIX_0025,P04_S02_MIX_0025.jpg,train,P04,S02,new_needs_annotation,passed_second_visual_preview_qa,0,2,295b5e4c6eeec7ecd6bbdb550f6d6ea2a0f9f1a79a893d8acf343975640047cb,0,0,0,1,1
P04_S02_MIX_0026,P04_S02_MIX_0026.jpg,train,P04,S02,new_needs_annotation,passed_second_visual_preview_qa,0,3,1b456b11299da5dc4720964d49eb757058c1f7ad68a304736f3480f0ec70c713,0,1,1,0,1
P04_S02_MIX_0027,P04_S02_MIX_0027.jpg,train,P04,S02,new_needs_annotation,passed_second_visual_preview_qa,0,3,c47ac6c16be8a2bcbf828f8790ec404a181bc73eb594f2dcd9e620741341b0ce,0,1,1,0,1
P04_S02_MIX_0028,P04_S02_MIX_0028.jpg,train,P04,S02,new_needs_annotation,passed_second_visual_preview_qa,0,3,ef7c84427e7b7e5375a6b6fdb7063c6e56f2c7c2c487c5355122f60675d35561,0,1,1,0,1
P04_S02_MIX_0029,P04_S02_MIX_0029.jpg,train,P04,S02,new_needs_annotation,passed_second_visual_preview_qa,0,2,fb12e04cb0f7199b3bfd0523501b6d3e6271c3106cba20ee14b56102ea103c51,0,1,0,0,1
P04_S02_MIX_0030,P04_S02_MIX_0030.jpg,train,P04,S02,new_needs_annotation,passed_second_visual_preview_qa,0,2,1f8519a64427b8eda44eea65f933e07ac11dc69c52b86889ad758c011a28b12a,0,1,0,0,1
P04_S02_MIX_0031,P04_S02_MIX_0031.jpg,train,P04,S02,new_needs_annotation,passed_second_visual_preview_qa,0,2,24208e8539a98729650ae852de48424743853148ac869a41197e3eee025bb3ba,0,1,0,0,1
P04_S03_CUP_0005,P04_S03_CUP_0005.jpg,train,P04,S03,new_needs_annotation,passed_second_visual_preview_qa,0,1,14e0f5919f0691327cc93c9cfff149c921ba3e75995566cea8f94a97929efe0c,0,0,0,1,0
P04_S03_CUP_0013,P04_S03_CUP_0013.jpg,train,P04,S03,new_needs_annotation,passed_second_visual_preview_qa,0,1,0079cea46809e0a27fdf823e36d3911c6d563506eb3bab782e0bebaf163734b3,0,0,0,1,0
P04_S03_CUP_0014,P04_S03_CUP_0014.jpg,train,P04,S03,new_needs_annotation,passed_second_visual_preview_qa,0,1,a238916fce7b76d342664c6dbccf45f614c9d87b40b665e9c2f59854e06af66f,0,0,0,1,0
P04_S03_CUP_0029,P04_S03_CUP_0029.jpg,train,P04,S03,new_needs_annotation,passed_second_visual_preview_qa,0,1,5e943ce17b1275c99bfc91b9311627cf36f8e30470e5a3fb04536d010577af0b,0,0,0,1,0
P04_S03_CUP_0030,P04_S03_CUP_0030.jpg,train,P04,S03,new_needs_annotation,passed_second_visual_preview_qa,0,1,159c88f7ecb1607e234502879b795c11992ef504e200a6d579c3394aeff4e4cc,0,0,0,1,0
P04_S03_CUP_0031,P04_S03_CUP_0031.jpg,train,P04,S03,new_needs_annotation,passed_second_visual_preview_qa,0,1,c9e8c73d17042ba82ca6b358f95329fb47a8d83595d1f626c1dd7e7511db7b36,0,0,0,1,0
P04_S03_HDP_0001,P04_S03_HDP_0001.jpg,train,P04,S03,new_needs_annotation,passed_second_visual_preview_qa,0,1,d67da415a2b388529093fcb0ba837690c960188e417780eed0ec655140c0a283,0,0,0,0,1
P04_S03_HDP_0006,P04_S03_HDP_0006.jpg,train,P04,S03,new_needs_annotation,passed_second_visual_preview_qa,0,1,2e4b83f3b3af68d88ea8db5344f2a0ad4aabdb9acda6eabe24d027b6cdf39861,0,0,0,0,1
P04_S03_HDP_0015,P04_S03_HDP_0015.jpg,train,P04,S03,new_needs_annotation,passed_second_visual_preview_qa,0,1,e2c714d515c1f91df45baab0c1ffbb72e05964a43f8681130cd1d309d1a45500,0,0,0,0,1
P04_S03_HDP_0016,P04_S03_HDP_0016.jpg,train,P04,S03,new_needs_annotation,passed_second_visual_preview_qa,0,1,116749f0d876812973b7fe2c42c2760c76912179e257bf54049fc5dd067768a3,0,0,0,0,1
P04_S03_HDP_0017,P04_S03_HDP_0017.jpg,train,P04,S03,new_needs_annotation,passed_second_visual_preview_qa,0,1,8f93224710fe7b5568f9e3f6f58cca9c6690c1f3c263e5818a0fbf5242dbcabb,0,0,0,0,1
P04_S03_HDP_0018,P04_S03_HDP_0018.jpg,train,P04,S03,new_needs_annotation,passed_second_visual_preview_qa,0,1,748da736276a31809a2fb92a142b7a64823e0721327f52470f184a197a1e699c,0,0,0,0,1
P04_S03_HDP_0019,P04_S03_HDP_0019.jpg,train,P04,S03,new_needs_annotation,passed_second_visual_preview_qa,0,1,7bd45643f6bc9b05553cee16d9c9e639822fcd1621a17aa75f40849e616416cf,0,0,0,0,1
P04_S03_KEY_0003,P04_S03_KEY_0003.jpg,train,P04,S03,new_needs_annotation,passed_second_visual_preview_qa,0,1,8246a68740c0b71ed6fa3745ee44b4ac24f9991f4b9c5d80715f7be574c77c0f,0,1,0,0,0
P04_S03_KEY_0009,P04_S03_KEY_0009.jpg,train,P04,S03,new_needs_annotation,passed_second_visual_preview_qa,0,1,df6de4cb3361702abf82b1c7e96fe804ee68e0481374403835f5f0ab693537f1,0,1,0,0,0
P04_S03_KEY_0010,P04_S03_KEY_0010.jpg,train,P04,S03,new_needs_annotation,passed_second_visual_preview_qa,0,1,15bceacb7e349650de264485bca427098f610dbf609d21c9c8dbe1781a9970d6,0,1,0,0,0
P04_S03_KEY_0023,P04_S03_KEY_0023.jpg,train,P04,S03,new_needs_annotation,passed_second_visual_preview_qa,0,1,10ed27147dac70bc03a3349667c7c7c12e2ac4a02ab08b9b6c39720a2a246b4d,0,1,0,0,0
P04_S03_KEY_0024,P04_S03_KEY_0024.jpg,train,P04,S03,new_needs_annotation,passed_second_visual_preview_qa,0,1,19d95df4620e2c9ec66752535e52af65c5905b9f6da1d4d0ad39c2d585352d42,0,1,0,0,0
P04_S03_KEY_0025,P04_S03_KEY_0025.jpg,train,P04,S03,new_needs_annotation,passed_second_visual_preview_qa,0,1,d639696127e0899e62c4b79aa191e29dd613d8b570cd5f2aec3958b31cd93210,0,1,0,0,0
P04_S03_LAP_0004,P04_S03_LAP_0004.jpg,train,P04,S03,new_needs_annotation,passed_second_visual_preview_qa,0,1,3ced8af138ad1a5bab5542dd6cd594ab7ea8be0d9c8fe5083b63847eb71a7191,0,0,1,0,0
P04_S03_LAP_0011,P04_S03_LAP_0011.jpg,train,P04,S03,new_needs_annotation,passed_second_visual_preview_qa,0,1,377b7b9e27ac271dad9bf27a42bfa730d9cd5f1b95a05c80ebea3c1114cdcdad,0,0,1,0,0
P04_S03_LAP_0012,P04_S03_LAP_0012.jpg,train,P04,S03,new_needs_annotation,passed_second_visual_preview_qa,0,1,69524ee2078f82b8f6611f98fe2d1043c5e2876789b906a44b37d84b20776650,0,0,1,0,0
P04_S03_LAP_0026,P04_S03_LAP_0026.jpg,train,P04,S03,new_needs_annotation,passed_second_visual_preview_qa,0,1,ad99e5a16ad6f2e7c123303418864f7b53c6267bb9026c79c01f02f9800c86c0,0,0,1,0,0
P04_S03_LAP_0027,P04_S03_LAP_0027.jpg,train,P04,S03,new_needs_annotation,passed_second_visual_preview_qa,0,1,32e6c2ba4bbc994f47e1c6a06fc2590f487bd10f7036645dd388d1cffb72a3ac,0,0,1,0,0
P04_S03_LAP_0028,P04_S03_LAP_0028.jpg,train,P04,S03,new_needs_annotation,passed_second_visual_preview_qa,0,1,973c2807efec35611853942230741e06e3888b8eac63b8e9c839a65ebe021d6d,0,0,1,0,0
P04_S03_MOU_0002,P04_S03_MOU_0002.jpg,train,P04,S03,new_needs_annotation,passed_second_visual_preview_qa,0,1,5d843a50e8c8e2838f93f8eadbc8aec2c1a91a6507caa2ea2540b1678d15b8ac,1,0,0,0,0
P04_S03_MOU_0007,P04_S03_MOU_0007.jpg,train,P04,S03,new_needs_annotation,passed_second_visual_preview_qa,0,1,657d7b9bfe8e2a4604638979dde6a5f092516b24242388dc0d7e8f7a60267790,1,0,0,0,0
P04_S03_MOU_0008,P04_S03_MOU_0008.jpg,train,P04,S03,new_needs_annotation,passed_second_visual_preview_qa,0,1,6dc5b3ba6f7f407f9f705cf186216728299d66cd613b264995bcf3d714ec73ad,1,0,0,0,0
P04_S03_MOU_0020,P04_S03_MOU_0020.jpg,train,P04,S03,new_needs_annotation,passed_second_visual_preview_qa,0,1,db092f4b8aa8c313f32861118f6cb3161aecf58a91bc1afb7adcb41066c78510,1,0,0,0,0
P04_S03_MOU_0021,P04_S03_MOU_0021.jpg,train,P04,S03,new_needs_annotation,passed_second_visual_preview_qa,0,1,6ea9d1b8ac2f7107902c558167d88a5af41e858385536ebcffacdbf6676b9ecc,1,0,0,0,0
P04_S03_MOU_0022,P04_S03_MOU_0022.jpg,train,P04,S03,new_needs_annotation,passed_second_visual_preview_qa,0,1,9ad32865f868e4b987cb49e25e9b6c60443391377247cc22c142a6ef0632a6c7,1,0,0,0,0
P04_S04_MIX_0001,P04_S04_MIX_0001.jpg,train,P04,S04,new_needs_annotation,passed_second_visual_preview_qa,0,3,78659fef287a5784d8b50be18aee860a8a504433c82ee8801f0004bd57e6e458,1,1,0,1,0
P04_S04_MIX_0002,P04_S04_MIX_0002.jpg,train,P04,S04,new_needs_annotation,passed_second_visual_preview_qa,0,3,a42d4f4d11e5ec94735656569d9250659d6a6881f4de2cb6fb3e8912e42ec986,1,1,0,1,0
P04_S04_MIX_0003,P04_S04_MIX_0003.jpg,train,P04,S04,new_needs_annotation,passed_second_visual_preview_qa,0,2,e62ae3f7cfa9c6cac167f201885ad23f01e9adb0aaa7e95ab47b162c95a44927,0,0,1,1,0
P04_S04_MIX_0004,P04_S04_MIX_0004.jpg,train,P04,S04,new_needs_annotation,passed_second_visual_preview_qa,0,2,c9cf7e2ccfaacdd1107fad507a1892fdf704dc817c96797148af4dd4b4b2350c,1,1,0,0,0
P04_S04_MIX_0005,P04_S04_MIX_0005.jpg,train,P04,S04,new_needs_annotation,passed_second_visual_preview_qa,0,3,03e63990b34fa2a5d5799b318720cc0ab3a5fe78650990acc779f931f23e843a,1,0,0,1,1
P04_S04_MIX_0006,P04_S04_MIX_0006.jpg,train,P04,S04,new_needs_annotation,passed_second_visual_preview_qa,0,5,e2405c1db443a95f86c0994e10485e2862e12cac4d053d862dde0cd3eaf19f70,1,1,1,1,1
P04_S04_MIX_0007,P04_S04_MIX_0007.jpg,train,P04,S04,new_needs_annotation,passed_second_visual_preview_qa,0,3,4f4cfb62cb056c2adb2003bfc3da64f8db8bc90116c284b4eec3e8e44e8a9c19,1,1,0,1,0
P04_S04_MIX_0008,P04_S04_MIX_0008.jpg,train,P04,S04,new_needs_annotation,passed_second_visual_preview_qa,0,3,5e91c427ce09ad5fa4177de9d488a00bef4a869dae3413669d03bfe1deabb658,1,1,0,1,0
P04_S04_MIX_0009,P04_S04_MIX_0009.jpg,train,P04,S04,new_needs_annotation,passed_second_visual_preview_qa,0,2,6d344242a28cb080e6b376e2ab4ba2812194f97570b8c63b142d9dc79af1a672,1,0,1,0,0
P04_S04_MIX_0010,P04_S04_MIX_0010.jpg,train,P04,S04,new_needs_annotation,passed_second_visual_preview_qa,0,2,ca90f66e159d11da41c3314c63d6413fd0a3f5e63d1e8cc6f2384fb2c3d75962,1,0,1,0,0
P04_S04_MIX_0011,P04_S04_MIX_0011.jpg,train,P04,S04,new_needs_annotation,passed_second_visual_preview_qa,0,3,528dd308d9282d79802dd25065aa07981b4fae93dac226c7a7fd1b2521640e34,0,1,0,1,1
P04_S04_MIX_0012,P04_S04_MIX_0012.jpg,train,P04,S04,new_needs_annotation,passed_second_visual_preview_qa,0,3,96d7ce60dce66208d822ec8cbfe7b255c4e842a7da37f2310200ca3d80e24637,0,1,0,1,1
P04_S04_MIX_0013,P04_S04_MIX_0013.jpg,train,P04,S04,new_needs_annotation,passed_second_visual_preview_qa,0,3,92a7da143f9ee4d111994671958418d3ebada93d7ae6a6f9b2545c5fc73447aa,0,0,1,1,1
P04_S04_MIX_0014,P04_S04_MIX_0014.jpg,train,P04,S04,new_needs_annotation,passed_second_visual_preview_qa,0,3,ba4159d542c875acde112ccd986cb46ad65ec3cdc6326f77d62c111ed897a468,0,0,1,1,1
P04_S04_MIX_0015,P04_S04_MIX_0015.jpg,train,P04,S04,new_needs_annotation,passed_second_visual_preview_qa,0,4,5b1610bf62b053e27dfc36990bdf6032c6e7940a6a7132f574373da41c066a00,1,1,1,1,0
P04_S04_MIX_0016,P04_S04_MIX_0016.jpg,train,P04,S04,new_needs_annotation,passed_second_visual_preview_qa,0,4,91668dd40b1541709114820669dd1c9b28182e9b5615b4f9990af2f1f1bb692b,1,1,1,1,0
P04_S04_MIX_0017,P04_S04_MIX_0017.jpg,train,P04,S04,new_needs_annotation,passed_second_visual_preview_qa,0,3,5c59ab32ba1934433ffebc6ba7497f04aa1777b525f5c704bab0d95ebac81aca,0,0,1,1,1
P04_S04_MIX_0018,P04_S04_MIX_0018.jpg,train,P04,S04,new_needs_annotation,passed_second_visual_preview_qa,0,3,26e83da45fa58e2b759cc39961222c4dfa5e679c1c8438b4378b3610cc93e6ea,0,0,1,1,1
P04_S04_MIX_0019,P04_S04_MIX_0019.jpg,train,P04,S04,new_needs_annotation,passed_second_visual_preview_qa,0,3,adf99308ab9da84b401b7f688923788e1a62d867948f58d35e6aa1665af92252,0,0,1,1,1
P04_S04_MIX_0020,P04_S04_MIX_0020.jpg,train,P04,S04,new_needs_annotation,passed_second_visual_preview_qa,0,3,cee9c86fa020c8a586b5ea6c82e382bd3ad9d3c345908934a7ab75ab35b57eea,1,1,0,1,0
P04_S04_MIX_0021,P04_S04_MIX_0021.jpg,train,P04,S04,new_needs_annotation,passed_second_visual_preview_qa,0,3,cb0e5cbec033cd4a6bf8c37458321ded6ea98212ff062dde88ae1da56a12157d,1,1,0,1,0
P04_S04_MIX_0022,P04_S04_MIX_0022.jpg,train,P04,S04,new_needs_annotation,passed_second_visual_preview_qa,0,3,75316317fb37b43216c9985b8e75e327700486635804d8de67a70a699da3132a,1,1,0,1,0
P04_S04_MIX_0023,P04_S04_MIX_0023.jpg,train,P04,S04,new_needs_annotation,passed_second_visual_preview_qa,0,2,9d493a52df9959bed8bade1ef21c86f9515ec02dc47d59c9861da38d5a701264,1,0,1,0,0
P04_S04_MIX_0024,P04_S04_MIX_0024.jpg,train,P04,S04,new_needs_annotation,passed_second_visual_preview_qa,0,2,17853b716796ab68aebe4a0e2a01c9f3ebb352a85e2f378239f89f9d2c17c15c,1,0,1,0,0
P04_S04_MIX_0025,P04_S04_MIX_0025.jpg,train,P04,S04,new_needs_annotation,passed_second_visual_preview_qa,0,2,864d726d96207efcccca44fc84ee5e26497bbeef6aad2ae8df14fc05a4157ad4,1,0,1,0,0
P04_S04_MIX_0026,P04_S04_MIX_0026.jpg,train,P04,S04,new_needs_annotation,passed_second_visual_preview_qa,0,2,ddc45c5368e0cb15e48e821f4c371f86c80b5ccbf7fb49c77c336dc56b5f0143,0,1,0,0,1
P04_S04_MIX_0027,P04_S04_MIX_0027.jpg,train,P04,S04,new_needs_annotation,passed_second_visual_preview_qa,0,2,b01836aaf4af098bfb98f5dca67798cc7899dfb0d5f29861711247a16e2c98e2,0,1,0,0,1
P04_S04_MIX_0028,P04_S04_MIX_0028.jpg,train,P04,S04,new_needs_annotation,passed_second_visual_preview_qa,0,2,9d33f5a4db4e79d55587be5c603b64432cf16b07594efa00fa3964e38c009227,0,1,0,0,1
P04_S04_MIX_0029,P04_S04_MIX_0029.jpg,train,P04,S04,new_needs_annotation,passed_second_visual_preview_qa,0,3,205043da865c168235c0c8bc8d0259587e7f9e02e8ade087d1eab2438f989cd2,1,1,1,0,0
P04_S04_MIX_0030,P04_S04_MIX_0030.jpg,train,P04,S04,new_needs_annotation,passed_second_visual_preview_qa,0,3,64054cb96ad6edd1bbcec5547e48df56756407bbfb417c134ab6f5e937848e0b,1,1,1,0,0
P04_S04_MIX_0031,P04_S04_MIX_0031.jpg,train,P04,S04,new_needs_annotation,passed_second_visual_preview_qa,0,3,1796505f67e7e3d0349fb6fbaec8110b0feb38d760ae5e2985c551f5d9822c4d,1,1,1,0,0
P04_S05_NEG_0001,P04_S05_NEG_0001.jpg,train,P04,S05,new_needs_annotation,passed_second_visual_preview_qa,1,0,fd35764ce48802cf6229bf5fc901d5f04314f0c963dd52dfeaf738b7ab8a16f3,0,0,0,0,0
P04_S05_NEG_0002,P04_S05_NEG_0002.jpg,train,P04,S05,new_needs_annotation,passed_second_visual_preview_qa,1,0,a9268916343993e1d8a5e0f18eef53256d414f7b2951d7e8044ecd8beb59c382,0,0,0,0,0
P04_S05_NEG_0003,P04_S05_NEG_0003.jpg,train,P04,S05,new_needs_annotation,passed_second_visual_preview_qa,1,0,7ffed559aef6bd5b637bf88a7e14d0c90bc094acafec3e56102ed229f6311dd1,0,0,0,0,0
P04_S05_NEG_0004,P04_S05_NEG_0004.jpg,train,P04,S05,new_needs_annotation,passed_second_visual_preview_qa,1,0,f6162978d646274d437d2fd0b873b43f7df9edbf64fb622c5b6c4300dab252fc,0,0,0,0,0
P04_S05_NEG_0005,P04_S05_NEG_0005.jpg,train,P04,S05,new_needs_annotation,passed_second_visual_preview_qa,1,0,83e664a2804bf8b3e0c4bcc2b3919c8acc2422288e51f2c5c24833abc7ae02e6,0,0,0,0,0
P04_S05_NEG_0006,P04_S05_NEG_0006.jpg,train,P04,S05,new_needs_annotation,passed_second_visual_preview_qa,1,0,97c9c8406935cd6af9cca317a456d61f6920365c4c5f51a5f25f85215bca45ef,0,0,0,0,0
P04_S05_NEG_0007,P04_S05_NEG_0007.jpg,train,P04,S05,new_needs_annotation,passed_second_visual_preview_qa,1,0,3da81ecbc1ea2642ae8950f9066900097a7249964be2c748e137766c45d3a812,0,0,0,0,0
P04_S05_NEG_0008,P04_S05_NEG_0008.jpg,train,P04,S05,new_needs_annotation,passed_second_visual_preview_qa,1,0,77583e6f5d0d685cc7b295d219dfa9263ed9569235d683edd69f7f00449f4a3f,0,0,0,0,0
P04_S05_NEG_0009,P04_S05_NEG_0009.jpg,train,P04,S05,new_needs_annotation,passed_second_visual_preview_qa,1,0,d4d6812d2a32b6ee5d92f6ba0cb6fa7b708fb5f19782cc09a53f5b04f1c0b756,0,0,0,0,0
P04_S05_NEG_0010,P04_S05_NEG_0010.jpg,train,P04,S05,new_needs_annotation,passed_second_visual_preview_qa,1,0,732aca285fbe0798402ad076e06604f7bb445bf3d8953b2f363ba962ba6b4b5d,0,0,0,0,0
P04_S05_NEG_0011,P04_S05_NEG_0011.jpg,train,P04,S05,new_needs_annotation,passed_second_visual_preview_qa,1,0,bb6a4e1ada5d52d8e17258aa28b55c37396425827793e28862ed1cfcdf8dfa61,0,0,0,0,0
P04_S05_NEG_0012,P04_S05_NEG_0012.jpg,train,P04,S05,new_needs_annotation,passed_second_visual_preview_qa,1,0,37235d664f2bd6f88c53448e5fb57206ab517ab2b8693bab7f30da01c5f0a3da,0,0,0,0,0
P04_S05_NEG_0013,P04_S05_NEG_0013.jpg,train,P04,S05,new_needs_annotation,passed_second_visual_preview_qa,1,0,14a109bbe661b7a81133be17d112a082fba00c3cb3a84cecbd14d0a0ce742a23,0,0,0,0,0
P04_S05_NEG_0014,P04_S05_NEG_0014.jpg,train,P04,S05,new_needs_annotation,passed_second_visual_preview_qa,1,0,0bffd50336d98aee885c52cffce42524aaac2f191d663e0e606ec0ff258e5868,0,0,0,0,0
P04_S05_NEG_0015,P04_S05_NEG_0015.jpg,train,P04,S05,new_needs_annotation,passed_second_visual_preview_qa,1,0,dcb28411c9edbdde72ef0f86d40c3a0a3e045a1aef99af13e9677debe39b56df,0,0,0,0,0
P04_S05_NEG_0016,P04_S05_NEG_0016.jpg,train,P04,S05,new_needs_annotation,passed_second_visual_preview_qa,1,0,47a45dcf88804fb9ff4ec5675ac7e3cd7ecf2189c0040771debf13eb7f11d321,0,0,0,0,0
P04_S05_NEG_0017,P04_S05_NEG_0017.jpg,train,P04,S05,new_needs_annotation,passed_second_visual_preview_qa,1,0,d1a0a06f897f6e0253428a55288738ee87b2b1897fbcd8f10371b9d10936c31a,0,0,0,0,0
P04_S05_NEG_0018,P04_S05_NEG_0018.jpg,train,P04,S05,new_needs_annotation,passed_second_visual_preview_qa,1,0,2d77adab104bbe77cde4d995396dad78c33b7cfe874fb195818f2d7e72dc0d40,0,0,0,0,0
P04_S05_NEG_0019,P04_S05_NEG_0019.jpg,train,P04,S05,new_needs_annotation,passed_second_visual_preview_qa,1,0,742c1e33f914476faa6c05c42b9a06d44856e02c9132bed9315202456f670238,0,0,0,0,0
P04_S05_NEG_0020,P04_S05_NEG_0020.jpg,train,P04,S05,new_needs_annotation,passed_second_visual_preview_qa,1,0,899e9a66886aed7c1468f047f23ee568f2ef6b54560520cd5b63e7d3f08557ef,0,0,0,0,0
P04_S05_NEG_0021,P04_S05_NEG_0021.jpg,train,P04,S05,new_needs_annotation,passed_second_visual_preview_qa,1,0,125d5345245907c849519cdad47457a1721d0903874373884a0360ca6b59af07,0,0,0,0,0
P04_S05_NEG_0022,P04_S05_NEG_0022.jpg,train,P04,S05,new_needs_annotation,passed_second_visual_preview_qa,1,0,68439989eeb16bf6a9c30d0030c53ef7ec5c0786570676ee84034e4a4e4d5514,0,0,0,0,0
P04_S05_NEG_0023,P04_S05_NEG_0023.jpg,train,P04,S05,new_needs_annotation,passed_second_visual_preview_qa,1,0,d36662a1c51cfc326695a47e69e29f5eea896088e39d5bd2fcd38b9ca99a4e81,0,0,0,0,0
P04_S05_NEG_0024,P04_S05_NEG_0024.jpg,train,P04,S05,new_needs_annotation,passed_second_visual_preview_qa,1,0,d306b48bf599de6cbe0bcb5576e6ab7dfe47c1f96df722e3650be8b24a3d978b,0,0,0,0,0
P04_S05_NEG_0025,P04_S05_NEG_0025.jpg,train,P04,S05,new_needs_annotation,passed_second_visual_preview_qa,1,0,0712c11b4f854ea06a29f2e2f030540f244d0eb5a9965ce2c493c3779c35b90b,0,0,0,0,0
P04_S05_NEG_0026,P04_S05_NEG_0026.jpg,train,P04,S05,new_needs_annotation,passed_second_visual_preview_qa,1,0,960cd456d523e573e51d69e8e22f0e29c7a16e542db42339dc47e023c751f5e8,0,0,0,0,0
P04_S05_NEG_0027,P04_S05_NEG_0027.jpg,train,P04,S05,new_needs_annotation,passed_second_visual_preview_qa,1,0,022e5aab09f7182516d4eb96954dc2fabd1027b5ef807bcabdc64ffec8dee8f3,0,0,0,0,0
P04_S05_NEG_0028,P04_S05_NEG_0028.jpg,train,P04,S05,new_needs_annotation,passed_second_visual_preview_qa,1,0,ec62cb401df59ae2d345a459c40a218220aaff4007583b30b48c5a6761e15c2c,0,0,0,0,0
P04_S05_NEG_0029,P04_S05_NEG_0029.jpg,train,P04,S05,new_needs_annotation,passed_second_visual_preview_qa,1,0,d212972a18e3f1c2c2c9ec938b44196475ce49d89d206086d1fba9a66b0b5ba9,0,0,0,0,0
P04_S05_NEG_0030,P04_S05_NEG_0030.jpg,train,P04,S05,new_needs_annotation,passed_second_visual_preview_qa,1,0,146ea8f7512de321ea966352f85ffc286e134c320236f0b526d5192bd815bb83,0,0,0,0,0
P04_S05_NEG_0031,P04_S05_NEG_0031.jpg,train,P04,S05,new_needs_annotation,passed_second_visual_preview_qa,1,0,b62fc86be16378ca8caa3396f47ba6ac951c27b1dc3a3764f200dd5fa5a39bf2,0,0,0,0,0
P05_S01_CUP_0076,P05_S01_CUP_0076.jpg,train,P05,S01,v1_reviewed_label_reused,v1_reviewed_label_reused_and_hash_matched,0,1,d1180e8fa554b4537b02fd3ee6f8fce057872789b6167ba5a7175bc1860c8c5a,0,0,0,1,0
P05_S01_CUP_0077,P05_S01_CUP_0077.jpg,train,P05,S01,v1_reviewed_label_reused,v1_reviewed_label_reused_and_hash_matched,0,1,b2dcc5a2cb9b4bcdc6da81c655e2aba92de8a5eeda9fb52d29551808077b8f68,0,0,0,1,0
P05_S01_CUP_0078,P05_S01_CUP_0078.jpg,train,P05,S01,v1_reviewed_label_reused,v1_reviewed_label_reused_and_hash_matched,0,1,64f24e729abd515b9db97b48444a9cd06ea5b0175e3ef47026f0ecf440e89908,0,0,0,1,0
P05_S01_CUP_0079,P05_S01_CUP_0079.jpg,train,P05,S01,v1_reviewed_label_reused,v1_reviewed_label_reused_and_hash_matched,0,1,84aaf689f7c390793529665747b0fb7cda3e517a4590ad6517ceb6dbc5a8401c,0,0,0,1,0
P05_S01_CUP_0080,P05_S01_CUP_0080.jpg,train,P05,S01,v1_reviewed_label_reused,v1_reviewed_label_reused_and_hash_matched,0,1,20d6015c6147550bfb6117c8a1b676715791ed096d2fde5d13d8faa91e57fb38,0,0,0,1,0
P05_S01_CUP_0081,P05_S01_CUP_0081.jpg,train,P05,S01,v1_reviewed_label_reused,v1_reviewed_label_reused_and_hash_matched,0,1,b9d63c34f8750aefd7e43869e009b45bb200213ebd289eba9fd82dc80c334454,0,0,0,1,0
P05_S01_CUP_0082,P05_S01_CUP_0082.jpg,train,P05,S01,v1_reviewed_label_reused,v1_reviewed_label_reused_and_hash_matched,0,1,ffddb89c147803dd8b535719efadb5fa4d9deef3f15e691ebe1a7280da386c65,0,0,0,1,0
P05_S01_CUP_0083,P05_S01_CUP_0083.jpg,train,P05,S01,v1_reviewed_label_reused,v1_reviewed_label_reused_and_hash_matched,0,1,49c0f1c90decf7f55001ed8849df01d117bb060c2d68701df89344a3c490e048,0,0,0,1,0
P05_S01_CUP_0084,P05_S01_CUP_0084.jpg,train,P05,S01,v1_reviewed_label_reused,v1_reviewed_label_reused_and_hash_matched,0,1,d493e43cbaaf5bae3d5f9579d52edfb7ee555d510fd0f6731d5cab37140d3346,0,0,0,1,0
P05_S01_CUP_0085,P05_S01_CUP_0085.jpg,train,P05,S01,v1_reviewed_label_reused,v1_reviewed_label_reused_and_hash_matched,0,1,22e02eda46ea57b3f19d4babfb1bfae5fe4a496d1f4c78fa9782c7bed9f5265f,0,0,0,1,0
P05_S01_CUP_0086,P05_S01_CUP_0086.jpg,train,P05,S01,v1_reviewed_label_reused,v1_reviewed_label_reused_and_hash_matched,0,1,a2df53c47796b548e06bc2406e31227051e8a2a819f4542c8f481ad6edd502ae,0,0,0,1,0
P05_S01_CUP_0087,P05_S01_CUP_0087.jpg,train,P05,S01,v1_reviewed_label_reused,v1_reviewed_label_reused_and_hash_matched,0,1,de388b7e781064264a6fdd6b9679e4f1100614f152c0bf29dc594589762d20c6,0,0,0,1,0
P05_S01_CUP_0088,P05_S01_CUP_0088.jpg,train,P05,S01,v1_reviewed_label_reused,v1_reviewed_label_reused_and_hash_matched,0,1,36ae4d1d5ee8ee16f6788d4b304dd1074b4e038a16ecb7ca4e10827962af995c,0,0,0,1,0
P05_S01_CUP_0089,P05_S01_CUP_0089.jpg,train,P05,S01,v1_reviewed_label_reused,v1_reviewed_label_reused_and_hash_matched,0,1,288e0a0aec8024e81959c43776b4c7e0d50bdbbbc5b9d419ca0f42653afd65cb,0,0,0,1,0
P05_S01_CUP_0090,P05_S01_CUP_0090.jpg,train,P05,S01,v1_reviewed_label_reused,v1_reviewed_label_reused_and_hash_matched,0,1,7177b004b9eb4da8629927de2927582d4d1f71b5bb70fec7b4c013068d29b177,0,0,0,1,0
P05_S01_CUP_0091,P05_S01_CUP_0091.jpg,train,P05,S01,v1_reviewed_label_reused,v1_reviewed_label_reused_and_hash_matched,0,1,2d2d5a9745495e3d3194e6d8d348b0a5ab76b6639014c4423fae2525c89a7f38,0,0,0,1,0
P05_S01_CUP_0092,P05_S01_CUP_0092.jpg,train,P05,S01,v1_reviewed_label_reused,v1_reviewed_label_reused_and_hash_matched,0,1,f979d03847ac36ec0863af86e528965d1684e34c5ee4163d8413cf55e172f3eb,0,0,0,1,0
P05_S01_CUP_0093,P05_S01_CUP_0093.jpg,train,P05,S01,v1_reviewed_label_reused,v1_reviewed_label_reused_and_hash_matched,0,1,ea26591b3ba4a6ffe04a617d55d44a3afc48349f126fd5c2dd726017f5b56ae8,0,0,0,1,0
P05_S01_CUP_0094,P05_S01_CUP_0094.jpg,train,P05,S01,v1_reviewed_label_reused,v1_reviewed_label_reused_and_hash_matched,0,1,da63cc5012d81116c6875c07192ba8e1c792460ad4ef1cafbcc06ba4ef3d5e16,0,0,0,1,0
P05_S01_CUP_0095,P05_S01_CUP_0095.jpg,train,P05,S01,v1_reviewed_label_reused,v1_reviewed_label_reused_and_hash_matched,0,1,5d6bfe4cf972bd742f3140684a3478de04bb8a7459399099946dea41f7505f54,0,0,0,1,0
P05_S01_CUP_0096,P05_S01_CUP_0096.jpg,train,P05,S01,v1_reviewed_label_reused,v1_reviewed_label_reused_and_hash_matched,0,1,ae95d975b158162295d26fe43db8244fc588c1cfd1f57dbd99f5502380b62eaa,0,0,0,1,0
P05_S01_CUP_0097,P05_S01_CUP_0097.jpg,train,P05,S01,v1_reviewed_label_reused,v1_reviewed_label_reused_and_hash_matched,0,1,ef27e8890a414f90593079268177ea12731b1a12ce46e382b7c41b782088561d,0,0,0,1,0
P05_S01_CUP_0098,P05_S01_CUP_0098.jpg,train,P05,S01,v1_reviewed_label_reused,v1_reviewed_label_reused_and_hash_matched,0,1,0ef45a3b6289bb17cbff7d4a15a97642256df7a2e75d8ae1d20147fc01abed17,0,0,0,1,0
P05_S01_CUP_0099,P05_S01_CUP_0099.jpg,train,P05,S01,v1_reviewed_label_reused,v1_reviewed_label_reused_and_hash_matched,0,1,1c9fa3e99681f501e26c5f20911831c61fad95f094bdfca63f8de6fb4e03a74a,0,0,0,1,0
P05_S01_CUP_0100,P05_S01_CUP_0100.jpg,train,P05,S01,v1_reviewed_label_reused,v1_reviewed_label_reused_and_hash_matched,0,1,bb89e540a2b7eef1f3bbfaad093c2a09e666dab97acfceca96614849fb10eb04,0,0,0,1,0
P05_S01_HDP_0101,P05_S01_HDP_0101.jpg,train,P05,S01,v1_reviewed_label_reused,v1_reviewed_label_reused_and_hash_matched,0,1,b701e361d19c316b56d4906210dbc326ac4c87ee15a4af29d55fec95b344f868,0,0,0,0,1
P05_S01_HDP_0102,P05_S01_HDP_0102.jpg,train,P05,S01,v1_reviewed_label_reused,v1_reviewed_label_reused_and_hash_matched,0,1,a740fae66dae2ccc51bfb54c7ed3a7c867f302b64d46ad80fa6bdf0418531327,0,0,0,0,1
P05_S01_HDP_0103,P05_S01_HDP_0103.jpg,train,P05,S01,v1_reviewed_label_reused,v1_reviewed_label_reused_and_hash_matched,0,1,7f9bc847f3535402fc6eccf170a71500e993fbab8cf3fa1bad38f2d3dde35cad,0,0,0,0,1
P05_S01_HDP_0104,P05_S01_HDP_0104.jpg,train,P05,S01,v1_reviewed_label_reused,v1_reviewed_label_reused_and_hash_matched,0,1,feeebb44d0edb442a4beb28186bc1da0db46bfae59724b4d235f1469250152e4,0,0,0,0,1
P05_S01_HDP_0105,P05_S01_HDP_0105.jpg,train,P05,S01,v1_reviewed_label_reused,v1_reviewed_label_reused_and_hash_matched,0,1,f5ab688892a7de70756322de4cbbefbe9479115d8b1c77b1dd45f5ba4310f510,0,0,0,0,1
P05_S01_HDP_0106,P05_S01_HDP_0106.jpg,train,P05,S01,v1_reviewed_label_reused,v1_reviewed_label_reused_and_hash_matched,0,1,938d4f1b1ca9f398f197ce8b9d66480f38f9747d7238c6edd1a70c28269cb2d6,0,0,0,0,1
P05_S01_HDP_0107,P05_S01_HDP_0107.jpg,train,P05,S01,v1_reviewed_label_reused,v1_reviewed_label_reused_and_hash_matched,0,1,2f3075ac66196218d350784946ebd6875f5b692dd64fe46e4e2d08e563bea83e,0,0,0,0,1
P05_S01_HDP_0108,P05_S01_HDP_0108.jpg,train,P05,S01,v1_reviewed_label_reused,v1_reviewed_label_reused_and_hash_matched,0,1,2e68be7374150b8cdc0105107521eeb011af1b773b6f4b76b5d5de6dd57f71c1,0,0,0,0,1
P05_S01_HDP_0109,P05_S01_HDP_0109.jpg,train,P05,S01,v1_reviewed_label_reused,v1_reviewed_label_reused_and_hash_matched,0,1,b8ea526805633f169c42e3a3eaf34d11ea9db3b4e2b6e7e8d54ff22a42463217,0,0,0,0,1
P05_S01_HDP_0110,P05_S01_HDP_0110.jpg,train,P05,S01,v1_reviewed_label_reused,v1_reviewed_label_reused_and_hash_matched,0,1,7355f96db15f7f93863e48387b650b0f7b00e423557ff8c515e30677fa9fa04c,0,0,0,0,1
P05_S01_HDP_0111,P05_S01_HDP_0111.jpg,train,P05,S01,v1_reviewed_label_reused,v1_reviewed_label_reused_and_hash_matched,0,1,6b64f4b517eb98214427a6668909adced076e1b3f45d5130d2759a6574c99ffb,0,0,0,0,1
P05_S01_HDP_0112,P05_S01_HDP_0112.jpg,train,P05,S01,v1_reviewed_label_reused,v1_reviewed_label_reused_and_hash_matched,0,1,5379026f135f572501ea8a1eb4193a1a9d63e658345c7f61a0649ffbf63892d9,0,0,0,0,1
P05_S01_HDP_0113,P05_S01_HDP_0113.jpg,train,P05,S01,v1_reviewed_label_reused,v1_reviewed_label_reused_and_hash_matched,0,1,555ca9fe24b1c22915d79dfc53abbf538933cc07858683cb5af45525ac167c8b,0,0,0,0,1
P05_S01_HDP_0114,P05_S01_HDP_0114.jpg,train,P05,S01,v1_reviewed_label_reused,v1_reviewed_label_reused_and_hash_matched,0,1,733a0d4b37b492bb3bf093c8bdc2be93b05184fc550f2746ba24f32d639f6e93,0,0,0,0,1
P05_S01_HDP_0115,P05_S01_HDP_0115.jpg,train,P05,S01,v1_reviewed_label_reused,v1_reviewed_label_reused_and_hash_matched,0,1,1e94a48541ab4136046bf38b5d693c1f1349b6c2b35b967b459ac031835c359e,0,0,0,0,1
P05_S01_HDP_0116,P05_S01_HDP_0116.jpg,train,P05,S01,v1_reviewed_label_reused,v1_reviewed_label_reused_and_hash_matched,0,1,13085c608aa552967c5f02033d8141dd3662ba396fa0d090a27f67f0371cc36c,0,0,0,0,1
P05_S01_HDP_0117,P05_S01_HDP_0117.jpg,train,P05,S01,v1_reviewed_label_reused,v1_reviewed_label_reused_and_hash_matched,0,1,cd40d6e2baa3ed9aa8950abbf97d0e5331483b4bbcd199b307252b545ef345bf,0,0,0,0,1
P05_S01_HDP_0118,P05_S01_HDP_0118.jpg,train,P05,S01,v1_reviewed_label_reused,v1_reviewed_label_reused_and_hash_matched,0,1,c83879fc0ef276b258f8a81925c9d64d7d49e055487eecf1f78bc3986d9e2924,0,0,0,0,1
P05_S01_HDP_0119,P05_S01_HDP_0119.jpg,train,P05,S01,v1_reviewed_label_reused,v1_reviewed_label_reused_and_hash_matched,0,1,4ba573c40a6799ea36f0929041037c543cd9ffb654f0cbb5557dec6b80836990,0,0,0,0,1
P05_S01_HDP_0120,P05_S01_HDP_0120.jpg,train,P05,S01,v1_reviewed_label_reused,v1_reviewed_label_reused_and_hash_matched,0,1,4c40eeb796a9ddeeeeac8e71d5a042afa10f33994ff51684605c01766ecd54e8,0,0,0,0,1
P05_S01_HDP_0121,P05_S01_HDP_0121.jpg,train,P05,S01,v1_reviewed_label_reused,v1_reviewed_label_reused_and_hash_matched,0,1,0114ec3e79eec17392d59c71d588a1c71ec976884a543f7d7f550f1053c52eec,0,0,0,0,1
P05_S01_HDP_0122,P05_S01_HDP_0122.jpg,train,P05,S01,v1_reviewed_label_reused,v1_reviewed_label_reused_and_hash_matched,0,1,201275d4680d7d27cc283a0fa2237abd9ddc1d4835f54592baa431f227721892,0,0,0,0,1
P05_S01_HDP_0123,P05_S01_HDP_0123.jpg,train,P05,S01,v1_reviewed_label_reused,v1_reviewed_label_reused_and_hash_matched,0,1,5626c16c970df9d89b96262d5c80cdd25829a3c7942da35a55b21333e24476de,0,0,0,0,1
P05_S01_HDP_0124,P05_S01_HDP_0124.jpg,train,P05,S01,v1_reviewed_label_reused,v1_reviewed_label_reused_and_hash_matched,0,1,1d50d9970209991d4e1b838d2b8d031525a9999c16f95782c8611a8e4560e7c0,0,0,0,0,1
P05_S01_HDP_0125,P05_S01_HDP_0125.jpg,train,P05,S01,v1_reviewed_label_reused,v1_reviewed_label_reused_and_hash_matched,0,1,9f54eeb2899f55a04de5bb64d6eb1b38d79e9b590683aabdbadbda94725b5ef5,0,0,0,0,1
P05_S01_KEY_0026,P05_S01_KEY_0026.jpg,train,P05,S01,v1_reviewed_label_reused,v1_reviewed_label_reused_and_hash_matched,0,1,ff7120612a405558ceed652b8339b03b0bb67dec098ef1424a52468ce18a2b13,0,1,0,0,0
P05_S01_KEY_0027,P05_S01_KEY_0027.jpg,train,P05,S01,v1_reviewed_label_reused,v1_reviewed_label_reused_and_hash_matched,0,1,f5c3ac4a05e2db299caa2faaa0f4fab1e3f7ec5a89a5f57fa90f7dd6abc9c5c1,0,1,0,0,0
P05_S01_KEY_0028,P05_S01_KEY_0028.jpg,train,P05,S01,v1_reviewed_label_reused,v1_reviewed_label_reused_and_hash_matched,0,1,15ab508710e9eaba4dc67894896e9f7ccac40694d477a95768888cb7d33bb551,0,1,0,0,0
P05_S01_KEY_0029,P05_S01_KEY_0029.jpg,train,P05,S01,v1_reviewed_label_reused,v1_reviewed_label_reused_and_hash_matched,0,1,4bb3faee2b77de16e26741ea498fc1ad08100e5c9f5b7634b5f75bbdb3e5a949,0,1,0,0,0
P05_S01_KEY_0030,P05_S01_KEY_0030.jpg,train,P05,S01,v1_reviewed_label_reused,v1_reviewed_label_reused_and_hash_matched,0,1,f11acfe79a733348af7292305cedc6ae26b5e531a5e708b78bab84a24d47847a,0,1,0,0,0
P05_S01_KEY_0031,P05_S01_KEY_0031.jpg,train,P05,S01,v1_reviewed_label_reused,v1_reviewed_label_reused_and_hash_matched,0,1,69da045f6518a933c65603242f5db211712915210b96b36886c5161352dee9c1,0,1,0,0,0
P05_S01_KEY_0032,P05_S01_KEY_0032.jpg,train,P05,S01,v1_reviewed_label_reused,v1_reviewed_label_reused_and_hash_matched,0,1,9a729e12e25cd5580e20ad445afc0300d78716a149729478787e02992e5e9fa4,0,1,0,0,0
P05_S01_KEY_0033,P05_S01_KEY_0033.jpg,train,P05,S01,v1_reviewed_label_reused,v1_reviewed_label_reused_and_hash_matched,0,1,308d25af48d91b4fa1fabd412dac295cd1c116e8b37e893d792b81242fa878dd,0,1,0,0,0
P05_S01_KEY_0034,P05_S01_KEY_0034.jpg,train,P05,S01,v1_reviewed_label_reused,v1_reviewed_label_reused_and_hash_matched,0,1,32a1a108c14a2b5984bbb02320f349a6a4bb8bf4af5031b60d496937cb26fef0,0,1,0,0,0
P05_S01_KEY_0035,P05_S01_KEY_0035.jpg,train,P05,S01,v1_reviewed_label_reused,v1_reviewed_label_reused_and_hash_matched,0,1,a29ce4f92765166b94b569de4c9016c2d2e07681f93cf6c10d14a17b9d5d71f5,0,1,0,0,0
P05_S01_KEY_0036,P05_S01_KEY_0036.jpg,train,P05,S01,v1_reviewed_label_reused,v1_reviewed_label_reused_and_hash_matched,0,1,0e36f9e076a542d3f2a3407f65317282d7b516a68ef67387954c500dc49b4aa4,0,1,0,0,0
P05_S01_KEY_0037,P05_S01_KEY_0037.jpg,train,P05,S01,v1_reviewed_label_reused,v1_reviewed_label_reused_and_hash_matched,0,1,47d45f192d4ea98d2ea884d8e3abdb4ea7311628df43d45d487eb639ee7f436a,0,1,0,0,0
P05_S01_KEY_0038,P05_S01_KEY_0038.jpg,train,P05,S01,v1_reviewed_label_reused,v1_reviewed_label_reused_and_hash_matched,0,1,2d4710c9ccee26d1d613022cdfd8acac87ce54c9d3ef875c8bd2f17a4fee6982,0,1,0,0,0
P05_S01_KEY_0039,P05_S01_KEY_0039.jpg,train,P05,S01,v1_reviewed_label_reused,v1_reviewed_label_reused_and_hash_matched,0,1,75f86a007ec54ccf85a228167d0d469ef983a25b1b76ec2e7eda941418e64b36,0,1,0,0,0
P05_S01_KEY_0040,P05_S01_KEY_0040.jpg,train,P05,S01,v1_reviewed_label_reused,v1_reviewed_label_reused_and_hash_matched,0,1,5889e58cbad9a384a72c60ef3c6a6624b6c147ac0af02dde9405dfec4b1b50f9,0,1,0,0,0
P05_S01_KEY_0041,P05_S01_KEY_0041.jpg,train,P05,S01,v1_reviewed_label_reused,v1_reviewed_label_reused_and_hash_matched,0,1,22fb4b0228111adccbcf233e3b5f8b98cbae663a993a58bb388052705b8331f8,0,1,0,0,0
P05_S01_KEY_0042,P05_S01_KEY_0042.jpg,train,P05,S01,v1_reviewed_label_reused,v1_reviewed_label_reused_and_hash_matched,0,1,66e3024db5b24885bedf02be4c284dd0e757e2b15eace80533c8d6cd2a5dce63,0,1,0,0,0
P05_S01_KEY_0043,P05_S01_KEY_0043.jpg,train,P05,S01,v1_reviewed_label_reused,v1_reviewed_label_reused_and_hash_matched,0,1,143850eb8041848cd881064543561ae3e493bfe71f296a1be4ed9146a7c799db,0,1,0,0,0
P05_S01_KEY_0044,P05_S01_KEY_0044.jpg,train,P05,S01,v1_reviewed_label_reused,v1_reviewed_label_reused_and_hash_matched,0,1,22d369fe90c6b79f0355e8f7bb5ca0a4d5aef42cf52be5f4df915f98a19296fe,0,1,0,0,0
P05_S01_KEY_0045,P05_S01_KEY_0045.jpg,train,P05,S01,v1_reviewed_label_reused,v1_reviewed_label_reused_and_hash_matched,0,1,aebfdb314d85c5ae99ea2380a69320de42af81f273b778c9bbc2a5868a2e3ed7,0,1,0,0,0
P05_S01_KEY_0046,P05_S01_KEY_0046.jpg,train,P05,S01,v1_reviewed_label_reused,v1_reviewed_label_reused_and_hash_matched,0,1,7b4a3b45f852f50d90c0498dcc6ceece548ed1f4492a94c6b7d99408a8f541e4,0,1,0,0,0
P05_S01_KEY_0047,P05_S01_KEY_0047.jpg,train,P05,S01,v1_reviewed_label_reused,v1_reviewed_label_reused_and_hash_matched,0,1,30fc1d7b28683f6febe618649f1c81c351f10df9a2e04c2780460f0f7a1ba8de,0,1,0,0,0
P05_S01_KEY_0048,P05_S01_KEY_0048.jpg,train,P05,S01,v1_reviewed_label_reused,v1_reviewed_label_reused_and_hash_matched,0,1,f7f2daf0739c71ff66cbfaa787ba7a386bb642c849abc4c6bfdb66797cc12db3,0,1,0,0,0
P05_S01_KEY_0049,P05_S01_KEY_0049.jpg,train,P05,S01,v1_reviewed_label_reused,v1_reviewed_label_reused_and_hash_matched,0,1,1fdd39700240867a738dce54419784ecd4b844ff8f544c882d45e5663dce355b,0,1,0,0,0
P05_S01_KEY_0050,P05_S01_KEY_0050.jpg,train,P05,S01,v1_reviewed_label_reused,v1_reviewed_label_reused_and_hash_matched,0,1,8a356c71f015c30ad740d3909dbffb2e769979895f56d40bb743c4fea41d0215,0,1,0,0,0
P05_S01_LAP_0051,P05_S01_LAP_0051.jpg,train,P05,S01,v1_reviewed_label_reused,v1_reviewed_label_reused_and_hash_matched,0,1,20759c91cf53ce5e17b77c30337743a406c7fb101b730e5400b7576da1283fca,0,0,1,0,0
P05_S01_LAP_0052,P05_S01_LAP_0052.jpg,train,P05,S01,v1_reviewed_label_reused,v1_reviewed_label_reused_and_hash_matched,0,1,48548a6b541469d84dbad1416fc28b29f0007610e83717d407fd5465006da073,0,0,1,0,0
P05_S01_LAP_0053,P05_S01_LAP_0053.jpg,train,P05,S01,v1_reviewed_label_reused,v1_reviewed_label_reused_and_hash_matched,0,1,9bd890bd5acda1034fc275d0062b3cd0ae82f5766136df60bcd8f5abed099dff,0,0,1,0,0
P05_S01_LAP_0054,P05_S01_LAP_0054.jpg,train,P05,S01,v1_reviewed_label_reused,v1_reviewed_label_reused_and_hash_matched,0,1,1fb820657d876e979457a69e55c54f0105539713d24c5490889188385943be95,0,0,1,0,0
P05_S01_LAP_0055,P05_S01_LAP_0055.jpg,train,P05,S01,v1_reviewed_label_reused,v1_reviewed_label_reused_and_hash_matched,0,1,e5ef2eecba06829b68ce8f1f7eb0398325e95852657736a2bb537b853506de58,0,0,1,0,0
P05_S01_LAP_0056,P05_S01_LAP_0056.jpg,train,P05,S01,v1_reviewed_label_reused,v1_reviewed_label_reused_and_hash_matched,0,1,c796b9ec6697a438368d1bb78598fb37198560206380f09adfadc384fb3bddf3,0,0,1,0,0
P05_S01_LAP_0057,P05_S01_LAP_0057.jpg,train,P05,S01,v1_reviewed_label_reused,v1_reviewed_label_reused_and_hash_matched,0,1,138449e51e3a6675d594ea4ff9d5a4413b6dd481b461ce0f30f82e16ccd5d33f,0,0,1,0,0
P05_S01_LAP_0058,P05_S01_LAP_0058.jpg,train,P05,S01,v1_reviewed_label_reused,v1_reviewed_label_reused_and_hash_matched,0,1,9871caf8e7e5a4501089ce23b733e3f171fb30503a8de219631dfab326a4bbcf,0,0,1,0,0
P05_S01_LAP_0059,P05_S01_LAP_0059.jpg,train,P05,S01,v1_reviewed_label_reused,v1_reviewed_label_reused_and_hash_matched,0,1,b9a150b52a5628b712da769f969cf54808638575be06f0af676e542ebae85dfc,0,0,1,0,0
P05_S01_LAP_0060,P05_S01_LAP_0060.jpg,train,P05,S01,v1_reviewed_label_reused,v1_reviewed_label_reused_and_hash_matched,0,1,d42432b3d4c19b9695f9e647b0cba83bf849a0893c488f5fad74839f6cbcb260,0,0,1,0,0
P05_S01_LAP_0061,P05_S01_LAP_0061.jpg,train,P05,S01,v1_reviewed_label_reused,v1_reviewed_label_reused_and_hash_matched,0,1,f631965e8fcc37eda85d1c1fbb666d95e8805babf71d7402409a78c6573b429e,0,0,1,0,0
P05_S01_LAP_0062,P05_S01_LAP_0062.jpg,train,P05,S01,v1_reviewed_label_reused,v1_reviewed_label_reused_and_hash_matched,0,1,b718b1935db76023bad4313d6421e31c5f73bcc89fa17442a0823b4fad4d4adc,0,0,1,0,0
P05_S01_LAP_0063,P05_S01_LAP_0063.jpg,train,P05,S01,v1_reviewed_label_reused,v1_reviewed_label_reused_and_hash_matched,0,1,2a43d1e0eebc09d2f8fe18d8b009732a3264e09b9dbbd4c4af30f407ba625bf5,0,0,1,0,0
P05_S01_LAP_0064,P05_S01_LAP_0064.jpg,train,P05,S01,v1_reviewed_label_reused,v1_reviewed_label_reused_and_hash_matched,0,1,172c4917dff13560d9ac763dba79de1904994247e47298e1df4a3ea81bc752c4,0,0,1,0,0
P05_S01_LAP_0065,P05_S01_LAP_0065.jpg,train,P05,S01,v1_reviewed_label_reused,v1_reviewed_label_reused_and_hash_matched,0,1,2927eac1993c3531547f06bcc48b0c7a7b1d0b22b4fce34bb27720fad534eb58,0,0,1,0,0
P05_S01_LAP_0066,P05_S01_LAP_0066.jpg,train,P05,S01,v1_reviewed_label_reused,v1_reviewed_label_reused_and_hash_matched,0,1,67caf7d34222f61ab72e22ac8aeb638c6c5887c4c23a696854e09b35a81a59a3,0,0,1,0,0
P05_S01_LAP_0067,P05_S01_LAP_0067.jpg,train,P05,S01,v1_reviewed_label_reused,v1_reviewed_label_reused_and_hash_matched,0,1,2e2e548561e79f28b1815295f9cce01eeb4a5fe809e53d863913475cbc892ad5,0,0,1,0,0
P05_S01_LAP_0068,P05_S01_LAP_0068.jpg,train,P05,S01,v1_reviewed_label_reused,v1_reviewed_label_reused_and_hash_matched,0,1,ba04546802b54903eb5e45c1b20b9f7ac2e3343224c874c1773918f4d5d2636a,0,0,1,0,0
P05_S01_LAP_0069,P05_S01_LAP_0069.jpg,train,P05,S01,v1_reviewed_label_reused,v1_reviewed_label_reused_and_hash_matched,0,1,4c996f1b69835fa5a69773125da83268ab85a0f9c5fcc0979ed37e6859e4f5e2,0,0,1,0,0
P05_S01_LAP_0070,P05_S01_LAP_0070.jpg,train,P05,S01,v1_reviewed_label_reused,v1_reviewed_label_reused_and_hash_matched,0,1,95ce7772731d6e9a03980e544f2a813adf98512970c9fef975af216ae6727166,0,0,1,0,0
P05_S01_LAP_0071,P05_S01_LAP_0071.jpg,train,P05,S01,v1_reviewed_label_reused,v1_reviewed_label_reused_and_hash_matched,0,1,60c01f1f7665716aed9602fdce70fb9ddc8763209467516d2b08e77b60d983cd,0,0,1,0,0
P05_S01_LAP_0072,P05_S01_LAP_0072.jpg,train,P05,S01,v1_reviewed_label_reused,v1_reviewed_label_reused_and_hash_matched,0,1,6422c7a9288f773677764ddc10ff28deb11d2274d2d50b0490db001a6bf536c7,0,0,1,0,0
P05_S01_LAP_0073,P05_S01_LAP_0073.jpg,train,P05,S01,v1_reviewed_label_reused,v1_reviewed_label_reused_and_hash_matched,0,1,e258eb30343659aac968e7b75239f966e0dde42cba5307381a49905e8fcf23e5,0,0,1,0,0
P05_S01_LAP_0074,P05_S01_LAP_0074.jpg,train,P05,S01,v1_reviewed_label_reused,v1_reviewed_label_reused_and_hash_matched,0,1,be965babbc1bc88a6e732559c53de90f3c95e7e751208f22fb730a3665d6b82f,0,0,1,0,0
P05_S01_LAP_0075,P05_S01_LAP_0075.jpg,train,P05,S01,v1_reviewed_label_reused,v1_reviewed_label_reused_and_hash_matched,0,1,a5866022aa6fb1b70c7439fee6bac297cfe1a398523df322fa95dd28d036d251,0,0,1,0,0
P05_S01_MOU_0001,P05_S01_MOU_0001.jpg,train,P05,S01,v1_reviewed_label_reused,v1_reviewed_label_reused_and_hash_matched,0,1,00b9a54b3b7d34487a5039fd7c1224ea42b8aeea9594e71d83b323e4a25b7842,1,0,0,0,0
P05_S01_MOU_0002,P05_S01_MOU_0002.jpg,train,P05,S01,v1_reviewed_label_reused,v1_reviewed_label_reused_and_hash_matched,0,1,9d7832e7067fb2ecb07a7f70f4ba1060871fdc84a0bc963398c777297141fed6,1,0,0,0,0
P05_S01_MOU_0003,P05_S01_MOU_0003.jpg,train,P05,S01,v1_reviewed_label_reused,v1_reviewed_label_reused_and_hash_matched,0,1,37b7f9fad11b2abf80424a67930376c174252b4472a9e666cd9b7e76464546f0,1,0,0,0,0
P05_S01_MOU_0004,P05_S01_MOU_0004.jpg,train,P05,S01,v1_reviewed_label_reused,v1_reviewed_label_reused_and_hash_matched,0,1,c9053e897a8d5346341bf2a53fe740290a8584fcb9f8a32bef6df76c55de8704,1,0,0,0,0
P05_S01_MOU_0005,P05_S01_MOU_0005.jpg,train,P05,S01,v1_reviewed_label_reused,v1_reviewed_label_reused_and_hash_matched,0,1,31d13cb046f9582bdf2555e7bc03dcd74179ced9de7eae25b4caf99470010e2b,1,0,0,0,0
P05_S01_MOU_0006,P05_S01_MOU_0006.jpg,train,P05,S01,v1_reviewed_label_reused,v1_reviewed_label_reused_and_hash_matched,0,1,a8675452e9cf1fb97ec6a48288c8e2208f695270990dc7d033481a94802c5c58,1,0,0,0,0
P05_S01_MOU_0007,P05_S01_MOU_0007.jpg,train,P05,S01,v1_reviewed_label_reused,v1_reviewed_label_reused_and_hash_matched,0,1,c7ec3b74d4d49dc7eb2c0f1654613a1e86912c8d9823e924c6cdb05af11f4e65,1,0,0,0,0
P05_S01_MOU_0008,P05_S01_MOU_0008.jpg,train,P05,S01,v1_reviewed_label_reused,v1_reviewed_label_reused_and_hash_matched,0,1,7a1f80e5e57e68ebceb14d27e8a1ce5368de48f3324766d14d82905eda2eb112,1,0,0,0,0
P05_S01_MOU_0009,P05_S01_MOU_0009.jpg,train,P05,S01,v1_reviewed_label_reused,v1_reviewed_label_reused_and_hash_matched,0,1,f1d60168cc9ab05ea1394e56a8e8047d63f32eba078bb7ce8f6e988eb5326d24,1,0,0,0,0
P05_S01_MOU_0010,P05_S01_MOU_0010.jpg,train,P05,S01,v1_reviewed_label_reused,v1_reviewed_label_reused_and_hash_matched,0,1,b0e85df10585cea56fe3327571444d017d30c40e40389b2a0380a65fe16bcb69,1,0,0,0,0
P05_S01_MOU_0011,P05_S01_MOU_0011.jpg,train,P05,S01,v1_reviewed_label_reused,v1_reviewed_label_reused_and_hash_matched,0,1,1eacc24e61eccddd11a1049ba2057ded10c367326cbbf5e1f219722b52c7c1f7,1,0,0,0,0
P05_S01_MOU_0012,P05_S01_MOU_0012.jpg,train,P05,S01,v1_reviewed_label_reused,v1_reviewed_label_reused_and_hash_matched,0,1,961edec70ed6b4daa408a27f71c58f12313bc1844ecce05afb76c3d7e7b7d21c,1,0,0,0,0
P05_S01_MOU_0013,P05_S01_MOU_0013.jpg,train,P05,S01,v1_reviewed_label_reused,v1_reviewed_label_reused_and_hash_matched,0,1,2eabac35c340c1cbf73a208a8405e21e19832260c1f150e97af5575677a6d349,1,0,0,0,0
P05_S01_MOU_0014,P05_S01_MOU_0014.jpg,train,P05,S01,v1_reviewed_label_reused,v1_reviewed_label_reused_and_hash_matched,0,1,d4bd07be24873f445a746b96850c0314ebf598900a0e2289b2d1081a4093726f,1,0,0,0,0
P05_S01_MOU_0015,P05_S01_MOU_0015.jpg,train,P05,S01,v1_reviewed_label_reused,v1_reviewed_label_reused_and_hash_matched,0,1,b7b89f9fcb3b363442d3ff8485cbf2b224e4fd01c407a16197dd996a8c9929af,1,0,0,0,0
P05_S01_MOU_0016,P05_S01_MOU_0016.jpg,train,P05,S01,v1_reviewed_label_reused,v1_reviewed_label_reused_and_hash_matched,0,1,4f661551b0a44c44904a5bb9a32bcc7e66f93c458b9065922b4577441ebfb10a,1,0,0,0,0
P05_S01_MOU_0017,P05_S01_MOU_0017.jpg,train,P05,S01,v1_reviewed_label_reused,v1_reviewed_label_reused_and_hash_matched,0,1,e5958be7a8604d7c8644e5533858d1d12fc4c444dc4462f84301c6d35cc0c8d3,1,0,0,0,0
P05_S01_MOU_0018,P05_S01_MOU_0018.jpg,train,P05,S01,v1_reviewed_label_reused,v1_reviewed_label_reused_and_hash_matched,0,1,2facd5300fe4aa619553a1c7ba51c38aef9ffedbfffe2685d61cc3b088831ee2,1,0,0,0,0
P05_S01_MOU_0019,P05_S01_MOU_0019.jpg,train,P05,S01,v1_reviewed_label_reused,v1_reviewed_label_reused_and_hash_matched,0,1,cfec59d503aebdfe4b0eec6024e352467efae69ee406b7537f1daaf20f418d89,1,0,0,0,0
P05_S01_MOU_0020,P05_S01_MOU_0020.jpg,train,P05,S01,v1_reviewed_label_reused,v1_reviewed_label_reused_and_hash_matched,0,1,dd42d931e64ddbdcb74824e25b50c2b00a1aa036eddfd7c9d4c8b154919a4538,1,0,0,0,0
P05_S01_MOU_0021,P05_S01_MOU_0021.jpg,train,P05,S01,v1_reviewed_label_reused,v1_reviewed_label_reused_and_hash_matched,0,1,887d0df43b1fbc23890c6b7ddfed6d3d375c1b46c117ab57b0fce50730893cb7,1,0,0,0,0
P05_S01_MOU_0022,P05_S01_MOU_0022.jpg,train,P05,S01,v1_reviewed_label_reused,v1_reviewed_label_reused_and_hash_matched,0,1,710160d8341d109410afe28d0e97b3240d3a8e20ea8cd6564c4bfe986d7f5da8,1,0,0,0,0
P05_S01_MOU_0023,P05_S01_MOU_0023.jpg,train,P05,S01,v1_reviewed_label_reused,v1_reviewed_label_reused_and_hash_matched,0,1,7c40e32006b223c8ff8073b1382008a03140eb6cd6823cc22064041711de3d69,1,0,0,0,0
P05_S01_MOU_0024,P05_S01_MOU_0024.jpg,train,P05,S01,v1_reviewed_label_reused,v1_reviewed_label_reused_and_hash_matched,0,1,fff12b8a6e5958a67aa70d8c949ddbe3e7aecc88fa2a1748b9cd6719074ba411,1,0,0,0,0
P05_S01_MOU_0025,P05_S01_MOU_0025.jpg,train,P05,S01,v1_reviewed_label_reused,v1_reviewed_label_reused_and_hash_matched,0,1,d8f76654111ab3e4b90549362a02ebdc2d5d578b516626b629dfb30f91bf6dc5,1,0,0,0,0
P05_S02_MIX_0001,P05_S02_MIX_0001.jpg,train,P05,S02,v1_reviewed_label_reused,v1_reviewed_label_reused_and_hash_matched,0,2,cec550030fcccd6d937340eb8ed6fbba6be044ad5b7d07e64c6722491e25c9d3,1,0,0,1,0
P05_S02_MIX_0002,P05_S02_MIX_0002.jpg,train,P05,S02,v1_reviewed_label_reused,v1_reviewed_label_reused_and_hash_matched,0,2,4c7c57d9e152aac932a74c5ca3585035a1f2f414eba0fede760d2704c0e8adc5,1,0,0,1,0
P05_S02_MIX_0003,P05_S02_MIX_0003.jpg,train,P05,S02,v1_reviewed_label_reused,v1_reviewed_label_reused_and_hash_matched,0,2,ae60541489065a0fcbd346fa8591805b0b560fa977d45f9e7ce8704e61c0a027,1,0,0,1,0
P05_S02_MIX_0004,P05_S02_MIX_0004.jpg,train,P05,S02,v1_reviewed_label_reused,v1_reviewed_label_reused_and_hash_matched,0,2,e24fb9296a11e1db38f6488ed5736d0eb0ec0ead915878445e4a8c413af1e58d,1,0,0,1,0
P05_S02_MIX_0005,P05_S02_MIX_0005.jpg,train,P05,S02,v1_reviewed_label_reused,v1_reviewed_label_reused_and_hash_matched,0,2,5a808bd79fd4ffd009ce016b9159ca70528bc9fa9bf21c1705d090afe5279ac8,1,0,0,1,0
P05_S02_MIX_0006,P05_S02_MIX_0006.jpg,train,P05,S02,v1_reviewed_label_reused,v1_reviewed_label_reused_and_hash_matched,0,2,f27e01e11e6f92731f197e6b2bbeb998c597e5de6fe11526cf4dfad49bbc58f2,1,0,0,0,1
P05_S02_MIX_0007,P05_S02_MIX_0007.jpg,train,P05,S02,v1_reviewed_label_reused,v1_reviewed_label_reused_and_hash_matched,0,2,d7bd60d48c22d65b7d50a02f9e227f2db0fab312e9ffd6b5fcfbd7c8570b97b3,1,0,0,0,1
P05_S02_MIX_0008,P05_S02_MIX_0008.jpg,train,P05,S02,v1_reviewed_label_reused,v1_reviewed_label_reused_and_hash_matched,0,2,6e066d0f211444dba28524a76d9ce7f0003ed20560d6e1f69d5b7d3d424d989e,1,0,0,0,1
P05_S02_MIX_0009,P05_S02_MIX_0009.jpg,train,P05,S02,v1_reviewed_label_reused,v1_reviewed_label_reused_and_hash_matched,0,2,e624ba922e8208d20d26f70d871febadff0aed4071bc5b48b90951a77132a0b7,1,0,0,0,1
P05_S02_MIX_0010,P05_S02_MIX_0010.jpg,train,P05,S02,v1_reviewed_label_reused,v1_reviewed_label_reused_and_hash_matched,0,2,7d7c9c18aeb79fc2b7b84a314707f8df880a81016c492f65fccb23f46f773863,1,0,0,0,1
P05_S02_MIX_0011,P05_S02_MIX_0011.jpg,train,P05,S02,v1_reviewed_label_reused,v1_reviewed_label_reused_and_hash_matched,0,2,cc0cb88c75a381f44c990e72bfc8c8f42e268de7a339509a1e5c6d063c16ebc7,0,1,0,1,0
P05_S02_MIX_0012,P05_S02_MIX_0012.jpg,train,P05,S02,v1_reviewed_label_reused,v1_reviewed_label_reused_and_hash_matched,0,2,986486b748b0e4ddd8e0a9654a06032ee5f4b5b73f9e9357ae8e04e9201c05e3,0,1,0,1,0
P05_S02_MIX_0013,P05_S02_MIX_0013.jpg,train,P05,S02,v1_reviewed_label_reused,v1_reviewed_label_reused_and_hash_matched,0,2,7cf13b34a10aa1a5c08ec39052c411f1535390dec3fd592e568975931cb99f28,0,1,0,1,0
P05_S02_MIX_0014,P05_S02_MIX_0014.jpg,train,P05,S02,v1_reviewed_label_reused,v1_reviewed_label_reused_and_hash_matched,0,2,42a196230aee762e1cdfa5e3df5ad79c113e2ccd90143a7ddd960bb42af0f018,0,1,0,1,0
P05_S02_MIX_0015,P05_S02_MIX_0015.jpg,train,P05,S02,v1_reviewed_label_reused,v1_reviewed_label_reused_and_hash_matched,0,2,6ad4e9f60739e9d6ede98529c52e905a724fbb3d85ed55594316300ede5de0e7,0,1,0,1,0
P05_S02_MIX_0016,P05_S02_MIX_0016.jpg,train,P05,S02,v1_reviewed_label_reused,v1_reviewed_label_reused_and_hash_matched,0,2,ea5279325d98e2e1c6e9eacd1f9dc2079a3e88e487737c842a51d75dc85b0dd6,0,0,1,1,0
P05_S02_MIX_0017,P05_S02_MIX_0017.jpg,train,P05,S02,v1_reviewed_label_reused,v1_reviewed_label_reused_and_hash_matched,0,2,3f31e003cb8be18f9e283b8770cb02d2286b5799b3c4f0611426ea1d5c44541c,0,0,1,1,0
P05_S02_MIX_0018,P05_S02_MIX_0018.jpg,train,P05,S02,v1_reviewed_label_reused,v1_reviewed_label_reused_and_hash_matched,0,2,f460442e13b874366a7a058d32995a60ffe10a5ff1c259da0a9706098da121f1,0,0,1,1,0
P05_S02_MIX_0019,P05_S02_MIX_0019.jpg,train,P05,S02,v1_reviewed_label_reused,v1_reviewed_label_reused_and_hash_matched,0,2,98502c12bb4aa800df7999b8995463e22d71bb09832afbac56b32c89937e52d2,0,0,1,1,0
P05_S02_MIX_0020,P05_S02_MIX_0020.jpg,train,P05,S02,v1_reviewed_label_reused,v1_reviewed_label_reused_and_hash_matched,0,2,bd75fb5ecd074304917e72532a74862e0bd88fdef1854bfceef771200eaa353c,0,0,1,1,0
P05_S02_MIX_0021,P05_S02_MIX_0021.jpg,train,P05,S02,v1_reviewed_label_reused,v1_reviewed_label_reused_and_hash_matched,0,2,2c3645b549015774c702e586b8002e5b991aafb46863813326e76b2a1c4bfe04,0,0,1,0,1
P05_S02_MIX_0022,P05_S02_MIX_0022.jpg,train,P05,S02,v1_reviewed_label_reused,v1_reviewed_label_reused_and_hash_matched,0,2,a34cac78b35a1456366ede8178773f0fd9c45638c3b9977ef93ff662252dbb47,0,0,1,0,1
P05_S02_MIX_0023,P05_S02_MIX_0023.jpg,train,P05,S02,v1_reviewed_label_reused,v1_reviewed_label_reused_and_hash_matched,0,2,b473bff9ec771be05bea1e4e0eb0f0dc84b4431fe972b0f537573d162901e297,0,0,1,0,1
P05_S02_MIX_0024,P05_S02_MIX_0024.jpg,train,P05,S02,v1_reviewed_label_reused,v1_reviewed_label_reused_and_hash_matched,0,2,06e9b9c9119bfda552bb19595fa72f80d7ac4aae44de1ed698f24355d138e6b3,0,0,1,0,1
P05_S02_MIX_0025,P05_S02_MIX_0025.jpg,train,P05,S02,v1_reviewed_label_reused,v1_reviewed_label_reused_and_hash_matched,0,2,e3b30d3d69da09382b08086de749e6ba7d653291be748cc1c4e7282ff0108c48,0,0,1,0,1
P05_S02_MIX_0026,P05_S02_MIX_0026.jpg,train,P05,S02,v1_reviewed_label_reused,v1_reviewed_label_reused_and_hash_matched,0,2,05aec8e95f038ee644fc63bbe1565230a2fc5010b9c42e0a81972fcf4122fddb,0,0,0,1,1
P05_S02_MIX_0027,P05_S02_MIX_0027.jpg,train,P05,S02,v1_reviewed_label_reused,v1_reviewed_label_reused_and_hash_matched,0,2,e2dd8ddd1da326e15e39c719fa967f11b16ac3623d7cb0eff5ac5c8af1e2eaf6,0,0,0,1,1
P05_S02_MIX_0028,P05_S02_MIX_0028.jpg,train,P05,S02,v1_reviewed_label_reused,v1_reviewed_label_reused_and_hash_matched,0,2,9116f3934120af2bc017a55e9211ebd92d37ca431607711c91da8352ec5953ae,0,0,0,1,1
P05_S02_MIX_0029,P05_S02_MIX_0029.jpg,train,P05,S02,v1_reviewed_label_reused,v1_reviewed_label_reused_and_hash_matched,0,2,eee8a123c9578f1270f31d24280a3727d0e4c9c26b6f5ae8439d9cb444010651,0,0,0,1,1
P05_S02_MIX_0030,P05_S02_MIX_0030.jpg,train,P05,S02,v1_reviewed_label_reused,v1_reviewed_label_reused_and_hash_matched,0,2,5bc83e1966688756e4ed508e8c455e42d3d578bad890ff3a37d66ed6d7ba1cf2,0,0,0,1,1
P05_S02_MIX_0031,P05_S02_MIX_0031.jpg,train,P05,S02,v1_reviewed_label_reused,v1_reviewed_label_reused_and_hash_matched,0,2,c8a39f8a26686c10fc71105c10807ba7f697afd23979b542899bc85c05dd8403,0,1,0,0,1
P05_S02_MIX_0032,P05_S02_MIX_0032.jpg,train,P05,S02,v1_reviewed_label_reused,v1_reviewed_label_reused_and_hash_matched,0,2,0431300c22b58beb09c7fe44e561a0c8dc71ac584b1eacfd9cb648b77b5f77c5,0,1,0,0,1
P05_S02_MIX_0033,P05_S02_MIX_0033.jpg,train,P05,S02,v1_reviewed_label_reused,v1_reviewed_label_reused_and_hash_matched,0,2,21d0f1781555591949a121dd41dead90490735881939867d6dbb232f73062b07,0,1,0,0,1
P05_S02_MIX_0034,P05_S02_MIX_0034.jpg,train,P05,S02,v1_reviewed_label_reused,v1_reviewed_label_reused_and_hash_matched,0,2,cfb935fe84d04d0bcecefefda2c4c5504904189630e553ba7503cc4e56b19e72,0,1,0,0,1
P05_S02_MIX_0035,P05_S02_MIX_0035.jpg,train,P05,S02,v1_reviewed_label_reused,v1_reviewed_label_reused_and_hash_matched,0,2,3a00a165f21327a673a708fd6b3cdd11add31c6703e1b62708ed9ccb43d121ba,0,1,0,0,1
P05_S02_MIX_0036,P05_S02_MIX_0036.jpg,train,P05,S02,v1_reviewed_label_reused,v1_reviewed_label_reused_and_hash_matched,0,2,da7e9391cbebed28c122e39d7845b378295b9a619063343403f1e0ef95c6db7d,1,1,0,0,0
P05_S02_MIX_0037,P05_S02_MIX_0037.jpg,train,P05,S02,v1_reviewed_label_reused,v1_reviewed_label_reused_and_hash_matched,0,2,f4452281c1b9a19d956f6ba8989b7b29f42ecb5b75633df102918e4ba6315e90,1,1,0,0,0
P05_S02_MIX_0038,P05_S02_MIX_0038.jpg,train,P05,S02,v1_reviewed_label_reused,v1_reviewed_label_reused_and_hash_matched,0,2,51c26a5e73e6dbc8a55875706af26814251e9307870db22462d848f94d439a2e,1,1,0,0,0
P05_S02_MIX_0039,P05_S02_MIX_0039.jpg,train,P05,S02,v1_reviewed_label_reused,v1_reviewed_label_reused_and_hash_matched,0,2,5c6549b0fa14e58b6a0532945bd549538eb495d5f4a36f02388fd41119a0c4c7,1,1,0,0,0
P05_S02_MIX_0040,P05_S02_MIX_0040.jpg,train,P05,S02,v1_reviewed_label_reused,v1_reviewed_label_reused_and_hash_matched,0,2,ab61ff51697d31b00acb94def22c20e35e35f0c48c1c1b09c1662b40b02f1b90,1,1,0,0,0
P05_S02_MIX_0041,P05_S02_MIX_0041.jpg,train,P05,S02,v1_reviewed_label_reused,v1_reviewed_label_reused_and_hash_matched,0,2,8f08c582c1f1532add02d01d9814139907f1bc016f3560f5a88dec3a1fac1abe,1,0,1,0,0
P05_S02_MIX_0042,P05_S02_MIX_0042.jpg,train,P05,S02,v1_reviewed_label_reused,v1_reviewed_label_reused_and_hash_matched,0,2,a3067e7257765c7b81ef5a941794a04c9a81933123469655d20624f4896c1556,1,0,1,0,0
P05_S02_MIX_0043,P05_S02_MIX_0043.jpg,train,P05,S02,v1_reviewed_label_reused,v1_reviewed_label_reused_and_hash_matched,0,2,c39054e2e0def21afa9f8f574ca0b543d390561ba811080dc37d6580455df8f2,1,0,1,0,0
P05_S02_MIX_0044,P05_S02_MIX_0044.jpg,train,P05,S02,v1_reviewed_label_reused,v1_reviewed_label_reused_and_hash_matched,0,2,947beeb1fb294b7fce4469aae8b85c745ff8d472064831d47d461d489acd04e1,1,0,1,0,0
P05_S02_MIX_0045,P05_S02_MIX_0045.jpg,train,P05,S02,v1_reviewed_label_reused,v1_reviewed_label_reused_and_hash_matched,0,2,b03ccd9e23c069f2c06fbb8058777a0ec885712767a2cd7f9286254aa90797ba,1,0,1,0,0
P05_S02_MIX_0046,P05_S02_MIX_0046.jpg,train,P05,S02,v1_reviewed_label_reused,v1_reviewed_label_reused_and_hash_matched,0,2,164eb267b271a24e4c05de9615ca3fa9dcc48d968ed6c99433bc5a7404b78162,0,1,1,0,0
P05_S02_MIX_0047,P05_S02_MIX_0047.jpg,train,P05,S02,v1_reviewed_label_reused,v1_reviewed_label_reused_and_hash_matched,0,2,ed53a049fa70e20ee3375ab9019aa582b17b9cdad5479f89854244f6b1ba0ad0,0,1,1,0,0
P05_S02_MIX_0048,P05_S02_MIX_0048.jpg,train,P05,S02,v1_reviewed_label_reused,v1_reviewed_label_reused_and_hash_matched,0,3,4ac88ca10be70bf927a9b1724f43b3563c59140b4ebf41ddd50ed434c53293c5,0,1,2,0,0
P05_S02_MIX_0049,P05_S02_MIX_0049.jpg,train,P05,S02,v1_reviewed_label_reused,v1_reviewed_label_reused_and_hash_matched,0,2,00cef50e83f33a4464fe356698f8231ba1aeb98276019dcfaf9c47f1b6da54d7,0,1,1,0,0
P05_S02_MIX_0050,P05_S02_MIX_0050.jpg,train,P05,S02,v1_reviewed_label_reused,v1_reviewed_label_reused_and_hash_matched,0,2,b59687e66eaabad10720bb6229cf5c380c0a63f8ce401e4462345fd255521ab6,0,1,1,0,0
P05_S02_MIX_0051,P05_S02_MIX_0051.jpg,train,P05,S02,v1_reviewed_label_reused,v1_reviewed_label_reused_and_hash_matched,0,3,f5c02992be4208c307053fe16a257f4967e69645e67b24afba71a30a2850c886,1,1,0,1,0
P05_S02_MIX_0052,P05_S02_MIX_0052.jpg,train,P05,S02,v1_reviewed_label_reused,v1_reviewed_label_reused_and_hash_matched,0,3,6969c62248b4e8bc2c4e31ef493448251936802148e7ed9e0078bae258be6b3a,1,1,0,1,0
P05_S02_MIX_0053,P05_S02_MIX_0053.jpg,train,P05,S02,v1_reviewed_label_reused,v1_reviewed_label_reused_and_hash_matched,0,3,f549d8684b794e097afc73de1366e2cb02ab9c9ac2623276b07f776ccbf24b2f,1,1,0,1,0
P05_S02_MIX_0054,P05_S02_MIX_0054.jpg,train,P05,S02,v1_reviewed_label_reused,v1_reviewed_label_reused_and_hash_matched,0,3,11dd52b2ca99fdc1bab4cd8f47b968a7c47074c74835ac38b505df33e74f46e9,1,1,0,1,0
P05_S02_MIX_0055,P05_S02_MIX_0055.jpg,train,P05,S02,v1_reviewed_label_reused,v1_reviewed_label_reused_and_hash_matched,0,3,8fe2d3048fc800835ec1aeaaa5c07116f3d3fec7f54696edc435c430648b65c5,1,1,0,1,0
P05_S02_MIX_0056,P05_S02_MIX_0056.jpg,train,P05,S02,v1_reviewed_label_reused,v1_reviewed_label_reused_and_hash_matched,0,3,fddeb0c366a7a571e357450ed7901fcec1652679f0b47f63d7c5313aacf9eee8,1,1,0,0,1
P05_S02_MIX_0057,P05_S02_MIX_0057.jpg,train,P05,S02,v1_reviewed_label_reused,v1_reviewed_label_reused_and_hash_matched,0,3,f1320b00511a5c718606aedc8b73effceba489492898742e81ccfeee1f90e2cf,1,1,0,0,1
P05_S02_MIX_0058,P05_S02_MIX_0058.jpg,train,P05,S02,v1_reviewed_label_reused,v1_reviewed_label_reused_and_hash_matched,0,3,52413744950cb55b863b93f91a7dc2687e8928ff6d3c6e0e1a339f0a7ebcf4a0,1,1,0,0,1
P05_S02_MIX_0059,P05_S02_MIX_0059.jpg,train,P05,S02,v1_reviewed_label_reused,v1_reviewed_label_reused_and_hash_matched,0,3,4e0b08c30c6b1d2426ab933d2a9ad0db8b282ab10bdeb68bc9fd9156b3f66821,1,1,0,0,1
P05_S02_MIX_0060,P05_S02_MIX_0060.jpg,train,P05,S02,v1_reviewed_label_reused,v1_reviewed_label_reused_and_hash_matched,0,3,f1d7a3a7d259bd7f0193d7b9ace500e58fe348f1792b9da091255a6f04050e21,1,1,0,0,1
P05_S02_MIX_0061,P05_S02_MIX_0061.jpg,train,P05,S02,v1_reviewed_label_reused,v1_reviewed_label_reused_and_hash_matched,0,3,6b35448e663407c37d339327677e76e64db856d837ae10cdb81e2f842509f85a,1,0,1,1,0
P05_S02_MIX_0062,P05_S02_MIX_0062.jpg,train,P05,S02,v1_reviewed_label_reused,v1_reviewed_label_reused_and_hash_matched,0,3,410ac0783c6615bb14814b5c77a3200bf30c02e9e497843f362ae50bb0ec7c36,1,0,1,1,0
P05_S02_MIX_0063,P05_S02_MIX_0063.jpg,train,P05,S02,v1_reviewed_label_reused,v1_reviewed_label_reused_and_hash_matched,0,3,f2f9d1c58c65b1a5f256264914062e52f68114901fa66f9653c11818e58dd1c5,1,0,1,1,0
P05_S02_MIX_0064,P05_S02_MIX_0064.jpg,train,P05,S02,v1_reviewed_label_reused,v1_reviewed_label_reused_and_hash_matched,0,3,f063756dcd87a99ad289ac6ef6c64fc1e54049c0aa6028b5e5685328c6200d1d,1,0,1,1,0
P05_S02_MIX_0065,P05_S02_MIX_0065.jpg,train,P05,S02,v1_reviewed_label_reused,v1_reviewed_label_reused_and_hash_matched,0,3,3da8b61f7b0d03160d43ddab403597911413b453f3ae0f81836c8714d54824fe,1,0,1,1,0
P05_S02_MIX_0066,P05_S02_MIX_0066.jpg,train,P05,S02,v1_reviewed_label_reused,v1_reviewed_label_reused_and_hash_matched,0,3,0fc81956cf13ebd34eb15f89f36bfa61e504edc1288fde3b062c7eed7c5fba84,1,0,1,0,1
P05_S02_MIX_0067,P05_S02_MIX_0067.jpg,train,P05,S02,v1_reviewed_label_reused,v1_reviewed_label_reused_and_hash_matched,0,3,e224e1c51d9ec1fd727d4f5148a9d04c0e11bcf5b231424947d92edb58caab01,1,0,1,0,1
P05_S02_MIX_0068,P05_S02_MIX_0068.jpg,train,P05,S02,v1_reviewed_label_reused,v1_reviewed_label_reused_and_hash_matched,0,3,968dcc995efa8939e974b2800fda6d1eefaf7d5a7f25380871dd270a0feb397b,1,0,1,0,1
P05_S02_MIX_0069,P05_S02_MIX_0069.jpg,train,P05,S02,v1_reviewed_label_reused,v1_reviewed_label_reused_and_hash_matched,0,3,b5403a568ea593e8629d965be39dc0ed6de2a3101e4292a03cc096e607e0232e,1,0,1,0,1
P05_S02_MIX_0070,P05_S02_MIX_0070.jpg,train,P05,S02,v1_reviewed_label_reused,v1_reviewed_label_reused_and_hash_matched,0,3,72acc888f403b7bc0add513007f886c7263eff044c7c2080dc0c3330be78b11c,1,0,1,0,1
P05_S02_MIX_0071,P05_S02_MIX_0071.jpg,train,P05,S02,v1_reviewed_label_reused,v1_reviewed_label_reused_and_hash_matched,0,3,58bd46683fa486353030322edf3eb209f7b5493fa49bb44d8b1b5981ef8b7981,1,0,0,1,1
P05_S02_MIX_0072,P05_S02_MIX_0072.jpg,train,P05,S02,v1_reviewed_label_reused,v1_reviewed_label_reused_and_hash_matched,0,3,376a69eb9b945e4469b2edc972d2328764baa639477a4ee884c4869d8458a9f6,1,0,0,1,1
P05_S02_MIX_0073,P05_S02_MIX_0073.jpg,train,P05,S02,v1_reviewed_label_reused,v1_reviewed_label_reused_and_hash_matched,0,3,f749f65982f4a3dbeca0bec70d38a4a1778b82047190332f96ca4bd4efe32b1d,1,0,0,1,1
P05_S02_MIX_0074,P05_S02_MIX_0074.jpg,train,P05,S02,v1_reviewed_label_reused,v1_reviewed_label_reused_and_hash_matched,0,3,45f7e605d8232e7cfdcb3dba6fb4d650381e883e8f4d751f14d9ffaebd3c1e91,1,0,0,1,1
P05_S02_MIX_0075,P05_S02_MIX_0075.jpg,train,P05,S02,v1_reviewed_label_reused,v1_reviewed_label_reused_and_hash_matched,0,3,d4367814d67c0da0f0ac6f6c6bfa140586ffb2be0afb3451145e5bbbace381e6,1,0,0,1,1
P05_S02_MIX_0076,P05_S02_MIX_0076.jpg,train,P05,S02,v1_reviewed_label_reused,v1_reviewed_label_reused_and_hash_matched,0,3,a3a81d7b893e8c614d9161c5ce2195f281a15e2affe6c0280cea450c5dcd7b82,0,1,1,1,0
P05_S02_MIX_0077,P05_S02_MIX_0077.jpg,train,P05,S02,v1_reviewed_label_reused,v1_reviewed_label_reused_and_hash_matched,0,3,bdd2ce393136721e11d1696dd5c2479874d174e240855d04cb80fffa5f835c7c,0,1,1,1,0
P05_S02_MIX_0078,P05_S02_MIX_0078.jpg,train,P05,S02,v1_reviewed_label_reused,v1_reviewed_label_reused_and_hash_matched,0,3,337662777e966f26b5e36d00199309c1b85791eda46001daa61a0ce8d752b181,0,1,1,1,0
P05_S02_MIX_0079,P05_S02_MIX_0079.jpg,train,P05,S02,v1_reviewed_label_reused,v1_reviewed_label_reused_and_hash_matched,0,3,48f2a99d1f40cfca3adb0e7cf20ba4dd2db50f034fdadf2fe49560833351eebc,0,1,1,1,0
P05_S02_MIX_0080,P05_S02_MIX_0080.jpg,train,P05,S02,v1_reviewed_label_reused,v1_reviewed_label_reused_and_hash_matched,0,3,4dceaf72bdac98fd52bd4e36d8a29afd5a40c75ffe4e5ae77dfeae49baf9843a,0,1,1,1,0
P05_S02_MIX_0081,P05_S02_MIX_0081.jpg,train,P05,S02,v1_reviewed_label_reused,v1_reviewed_label_reused_and_hash_matched,0,3,dc381f1e2f8882d4dcc9089a889c7e3ab60bd73fafd4b85d74483e9fa681d74e,0,1,1,0,1
P05_S02_MIX_0082,P05_S02_MIX_0082.jpg,train,P05,S02,v1_reviewed_label_reused,v1_reviewed_label_reused_and_hash_matched,0,3,b8f835443e4adb2ae3ef4b31864811f7cd53efe225de2447334a59a53333b26b,0,1,1,0,1
P05_S02_MIX_0083,P05_S02_MIX_0083.jpg,train,P05,S02,v1_reviewed_label_reused,v1_reviewed_label_reused_and_hash_matched,0,3,c4e17decd19fad92eeef047b6f6325863f0d25d4198e8c285a7387455e7803e9,0,1,1,0,1
P05_S02_MIX_0084,P05_S02_MIX_0084.jpg,train,P05,S02,v1_reviewed_label_reused,v1_reviewed_label_reused_and_hash_matched,0,3,1a63cb955268d95b5b198bcf1b01ebd5576eba24537a48f74846e34ce169b07a,0,1,1,0,1
P05_S02_MIX_0085,P05_S02_MIX_0085.jpg,train,P05,S02,v1_reviewed_label_reused,v1_reviewed_label_reused_and_hash_matched,0,3,11de9a65e82cf24215d1b784dadc7f45a2ccce0612e9ffd0705f48556a7fbee8,0,1,1,0,1
P05_S02_MIX_0086,P05_S02_MIX_0086.jpg,train,P05,S02,v1_reviewed_label_reused,v1_reviewed_label_reused_and_hash_matched,0,3,9dc5f800c40a1cddec516c8bd32859387ae2f48e53fc025f534048ae8d1aac62,0,1,0,1,1
P05_S02_MIX_0087,P05_S02_MIX_0087.jpg,train,P05,S02,v1_reviewed_label_reused,v1_reviewed_label_reused_and_hash_matched,0,3,e0593b5636ff3a431c5e8f22994f57418af43062dcdf9acbc0eebbd8231332d3,0,1,0,1,1
P05_S02_MIX_0088,P05_S02_MIX_0088.jpg,train,P05,S02,v1_reviewed_label_reused,v1_reviewed_label_reused_and_hash_matched,0,3,22f00cea0872398c0c16444b02985ff74ccf5b26a468b6876ff502b7d01f5c9c,0,1,0,1,1
P05_S02_MIX_0089,P05_S02_MIX_0089.jpg,train,P05,S02,v1_reviewed_label_reused,v1_reviewed_label_reused_and_hash_matched,0,3,50af5fa83815bcc38ee0e1787089f92b7c7328f53333b7bf22739c56292e946f,0,1,0,1,1
P05_S02_MIX_0090,P05_S02_MIX_0090.jpg,train,P05,S02,v1_reviewed_label_reused,v1_reviewed_label_reused_and_hash_matched,0,3,3de8eb3950cc903eadfa82e9f2b780c7e82211998a80323c605f8bc73f90f592,0,1,0,1,1
P05_S02_MIX_0091,P05_S02_MIX_0091.jpg,train,P05,S02,v1_reviewed_label_reused,v1_reviewed_label_reused_and_hash_matched,0,3,fb8fb8ca913a6eecbda46f0c2c09aa2d4fd005089e2e5dc32331752c5f4c8aba,0,0,1,1,1
P05_S02_MIX_0092,P05_S02_MIX_0092.jpg,train,P05,S02,v1_reviewed_label_reused,v1_reviewed_label_reused_and_hash_matched,0,3,6e47a0145c38312eb77a635236eb566c79f35440ca073fc57a4509386cb2d467,0,0,1,1,1
P05_S02_MIX_0093,P05_S02_MIX_0093.jpg,train,P05,S02,v1_reviewed_label_reused,v1_reviewed_label_reused_and_hash_matched,0,3,8d6212fa7f523037235ff913f17e3c81cb47ec97c157b86eee732bbeedc7bd4a,0,0,1,1,1
P05_S02_MIX_0094,P05_S02_MIX_0094.jpg,train,P05,S02,v1_reviewed_label_reused,v1_reviewed_label_reused_and_hash_matched,0,3,9075230df28633dbcdb10265ab00d3dfbc868b9339723588cc7702a063b8ab0d,0,0,1,1,1
P05_S02_MIX_0095,P05_S02_MIX_0095.jpg,train,P05,S02,v1_reviewed_label_reused,v1_reviewed_label_reused_and_hash_matched,0,3,0548ca7669239056ac0322fdc45ae360a5db3dfde84e4772d47ec1dd334cfb9b,0,0,1,1,1
P05_S02_MIX_0096,P05_S02_MIX_0096.jpg,train,P05,S02,v1_reviewed_label_reused,v1_reviewed_label_reused_and_hash_matched,0,3,c8ef41ec5c9a71a72671f597eb1ced8e2711f818b2c71858c0aae5a8d4f294e1,1,1,1,0,0
P05_S02_MIX_0097,P05_S02_MIX_0097.jpg,train,P05,S02,v1_reviewed_label_reused,v1_reviewed_label_reused_and_hash_matched,0,3,7f9181d0017344f38f51be0c22e64d6322ccaa322b003e282d0ecd854cef6a71,1,1,1,0,0
P05_S02_MIX_0098,P05_S02_MIX_0098.jpg,train,P05,S02,v1_reviewed_label_reused,v1_reviewed_label_reused_and_hash_matched,0,3,847cad2e000862e8d5c79be0ba2e7ba244814a52380cf7465770b99bd505fac2,1,1,1,0,0
P05_S02_MIX_0099,P05_S02_MIX_0099.jpg,train,P05,S02,v1_reviewed_label_reused,v1_reviewed_label_reused_and_hash_matched,0,3,8fa444fc32e9903dfbfd0ef67ec7b017f3cdeec096064ddf8cdb877e6837f253,1,1,1,0,0
P05_S02_MIX_0100,P05_S02_MIX_0100.jpg,train,P05,S02,v1_reviewed_label_reused,v1_reviewed_label_reused_and_hash_matched,0,3,a644cce7c55ac5d65662147d18401e5732b1fb90bea65e01d05fc2ddd66f0eaf,1,1,1,0,0
P05_S02_MIX_0101,P05_S02_MIX_0101.jpg,train,P05,S02,v1_reviewed_label_reused,v1_reviewed_label_reused_and_hash_matched,0,4,242776a2ec3dd8fcae60f6a441bd038c8a3d2e5152f41df4f8012cd603fdb0bb,1,1,1,1,0
P05_S02_MIX_0102,P05_S02_MIX_0102.jpg,train,P05,S02,v1_reviewed_label_reused,v1_reviewed_label_reused_and_hash_matched,0,4,df0bdd2792b40425badd7e99711cf1e16455482b63385bba592cd628a86c45b2,1,1,1,1,0
P05_S02_MIX_0103,P05_S02_MIX_0103.jpg,train,P05,S02,v1_reviewed_label_reused,v1_reviewed_label_reused_and_hash_matched,0,4,c3069799a1c8bc2e4a29698b1ce6bad1727a63fafead6407e0d8843dd4120fc9,1,1,1,1,0
P05_S02_MIX_0104,P05_S02_MIX_0104.jpg,train,P05,S02,v1_reviewed_label_reused,v1_reviewed_label_reused_and_hash_matched,0,4,8de92b85a4251a7d404d5613f7eda0dc50c9784c0633c0f677b83af1edd625d5,1,1,1,1,0
P05_S02_MIX_0105,P05_S02_MIX_0105.jpg,train,P05,S02,v1_reviewed_label_reused,v1_reviewed_label_reused_and_hash_matched,0,4,52f4e5db6b118940e8520df876661a05e436b5d039b8454bbb7d3f70656d53be,1,1,1,0,1
P05_S02_MIX_0106,P05_S02_MIX_0106.jpg,train,P05,S02,v1_reviewed_label_reused,v1_reviewed_label_reused_and_hash_matched,0,4,25e84acdf847e464c9da02d3425908bf23e4721eaa1e90ed1ef056b1480fb533,1,1,1,0,1
P05_S02_MIX_0107,P05_S02_MIX_0107.jpg,train,P05,S02,v1_reviewed_label_reused,v1_reviewed_label_reused_and_hash_matched,0,4,40e7c46e15ff3dc8ce5ab7cba414d465ab05c8c94dddd6b408d3b18bcb8c289c,1,1,1,0,1
P05_S02_MIX_0108,P05_S02_MIX_0108.jpg,train,P05,S02,v1_reviewed_label_reused,v1_reviewed_label_reused_and_hash_matched,0,4,805487a9d0c591892396327660e958c6da5284a9a4465aeb19db7c4ac12f2940,1,1,1,0,1
P05_S02_MIX_0109,P05_S02_MIX_0109.jpg,train,P05,S02,v1_reviewed_label_reused,v1_reviewed_label_reused_and_hash_matched,0,4,8596ebae03712965400bd1b7b74e6ef10c0cfb7ec3be1efe2a7f4c6e63fb5f48,1,1,0,1,1
P05_S02_MIX_0110,P05_S02_MIX_0110.jpg,train,P05,S02,v1_reviewed_label_reused,v1_reviewed_label_reused_and_hash_matched,0,4,2dae9193e892bc8727896dbc295b254c0401e1dad9562db126f22ff20ea5975e,1,1,0,1,1
P05_S02_MIX_0111,P05_S02_MIX_0111.jpg,train,P05,S02,v1_reviewed_label_reused,v1_reviewed_label_reused_and_hash_matched,0,4,8a6cc09c4af35028e5042983ab5fac5aa0e93d9e3e6df9cee1efbcf8a4bd0261,1,1,0,1,1
P05_S02_MIX_0112,P05_S02_MIX_0112.jpg,train,P05,S02,v1_reviewed_label_reused,v1_reviewed_label_reused_and_hash_matched,0,4,3941f4704f6eb545f7da27a3687bf587231fc3d0f5d747d22732eb65be08e833,1,1,0,1,1
P05_S02_MIX_0113,P05_S02_MIX_0113.jpg,train,P05,S02,v1_reviewed_label_reused,v1_reviewed_label_reused_and_hash_matched,0,4,e0c6ccf55feee3c99a15674ad4dcf977a68641fd15bcac05ddb964ca94bd1f7c,1,0,1,1,1
P05_S02_MIX_0114,P05_S02_MIX_0114.jpg,train,P05,S02,v1_reviewed_label_reused,v1_reviewed_label_reused_and_hash_matched,0,4,27e0b2c4bc541040f1b957e7b6eb8a829f62ec8898f86a28f360dd10bdf821a4,1,0,1,1,1
P05_S02_MIX_0115,P05_S02_MIX_0115.jpg,train,P05,S02,v1_reviewed_label_reused,v1_reviewed_label_reused_and_hash_matched,0,4,f4c73aa3d30c10998fb6ef2edc736cbc34f747996239156948f9b84d26fca377,1,0,1,1,1
P05_S02_MIX_0116,P05_S02_MIX_0116.jpg,train,P05,S02,v1_reviewed_label_reused,v1_reviewed_label_reused_and_hash_matched,0,4,479edafd4e7fc4eeb457feb9e87e2cc1cb95229f4e674deafa320031dac10d96,1,0,1,1,1
P05_S02_MIX_0117,P05_S02_MIX_0117.jpg,train,P05,S02,v1_reviewed_label_reused,v1_reviewed_label_reused_and_hash_matched,0,4,48776eac2c5ce150428aefc9522467ffe4f87e1e2cdbfd178fd8332da31d01bd,0,1,1,1,1
P05_S02_MIX_0118,P05_S02_MIX_0118.jpg,train,P05,S02,v1_reviewed_label_reused,v1_reviewed_label_reused_and_hash_matched,0,4,4a9aca188cee6e132fa145ad5864b44612a83573ba39891b4ad2d8f4cfce8561,0,1,1,1,1
P05_S02_MIX_0119,P05_S02_MIX_0119.jpg,train,P05,S02,v1_reviewed_label_reused,v1_reviewed_label_reused_and_hash_matched,0,4,4e2fdf80b681a82932bc17c4638f97dda2f219c258d0b7dbbbdf12b49cc9241f,0,1,1,1,1
P05_S02_MIX_0120,P05_S02_MIX_0120.jpg,train,P05,S02,v1_reviewed_label_reused,v1_reviewed_label_reused_and_hash_matched,0,4,b4428652f24bc632f3b6fe50b007abd583185528c722efea41615d3facf1749e,0,1,1,1,1
P05_S02_MIX_0121,P05_S02_MIX_0121.jpg,train,P05,S02,v1_reviewed_label_reused,v1_reviewed_label_reused_and_hash_matched,0,5,774586a14a608e221eb99fc2ba30d23bbc68422af886a327fd9a2ca7b20b5193,1,1,1,1,1
P05_S02_MIX_0122,P05_S02_MIX_0122.jpg,train,P05,S02,v1_reviewed_label_reused,v1_reviewed_label_reused_and_hash_matched,0,5,39009edf332b4653789e5322d609e1e925ab5d06b4429978ede993bc68745d47,1,1,1,1,1
P05_S02_MIX_0123,P05_S02_MIX_0123.jpg,train,P05,S02,v1_reviewed_label_reused,v1_reviewed_label_reused_and_hash_matched,0,5,a48d2ccca83a3a6e0b004e41eef5bf85e32b4c94ca797bb1c9b7ad16d53d71bc,1,1,1,1,1
P05_S02_MIX_0124,P05_S02_MIX_0124.jpg,train,P05,S02,v1_reviewed_label_reused,v1_reviewed_label_reused_and_hash_matched,0,5,bc29c86af22a3d820b7f61b96c08d0bb6813da2f5938b42013cd98838beca7b8,1,1,1,1,1
P05_S02_MIX_0125,P05_S02_MIX_0125.jpg,train,P05,S02,v1_reviewed_label_reused,v1_reviewed_label_reused_and_hash_matched,0,5,02a94cbed4a23b5c36bf3e7534669a694e45676ae308cf80483dd78faad0dff7,1,1,1,1,1
P05_S03_CUP_0031,P05_S03_CUP_0031.jpg,train,P05,S03,v1_reviewed_label_reused,v1_reviewed_label_reused_and_hash_matched,0,1,d63eb94b1c1a855dca93c4e17fa018294415c77e094009673c58f784a6de9572,0,0,0,1,0
P05_S03_CUP_0032,P05_S03_CUP_0032.jpg,train,P05,S03,v1_reviewed_label_reused,v1_reviewed_label_reused_and_hash_matched,0,1,240b87778869e0f3107468760527bdc1666959cd5203de429e95ba963cfcb75c,0,0,0,1,0
P05_S03_CUP_0033,P05_S03_CUP_0033.jpg,train,P05,S03,v1_reviewed_label_reused,v1_reviewed_label_reused_and_hash_matched,0,1,acae11737fa1163a82cf32efd24ee57cfc3cafba9ebf0588ca9ffa2bb9687da8,0,0,0,1,0
P05_S03_CUP_0034,P05_S03_CUP_0034.jpg,train,P05,S03,v1_reviewed_label_reused,v1_reviewed_label_reused_and_hash_matched,0,1,42f20f6662c8865a40b4ba802b60fdc761cae2eb3b8e039323fa8716c9d30bee,0,0,0,1,0
P05_S03_CUP_0035,P05_S03_CUP_0035.jpg,train,P05,S03,v1_reviewed_label_reused,v1_reviewed_label_reused_and_hash_matched,0,1,f2b128c7697cf4fd35a56de56f947b7a1dba93eca313189297ff0980635e64d8,0,0,0,1,0
P05_S03_CUP_0036,P05_S03_CUP_0036.jpg,train,P05,S03,v1_reviewed_label_reused,v1_reviewed_label_reused_and_hash_matched,0,1,7bcc03d9ce7f8ad71147b67bed887d754165328e685c15cfa3ab94085ddfbf39,0,0,0,1,0
P05_S03_CUP_0037,P05_S03_CUP_0037.jpg,train,P05,S03,v1_reviewed_label_reused,v1_reviewed_label_reused_and_hash_matched,0,1,23430326ea3e375b99f9b9903a0b37f0edad5e958edc1548ab85dcfc7003259b,0,0,0,1,0
P05_S03_CUP_0038,P05_S03_CUP_0038.jpg,train,P05,S03,v1_reviewed_label_reused,v1_reviewed_label_reused_and_hash_matched,0,1,f8e3f38a19e6ea8a91280b18767cba498e984c3dd089334a570eb3941512647c,0,0,0,1,0
P05_S03_CUP_0039,P05_S03_CUP_0039.jpg,train,P05,S03,v1_reviewed_label_reused,v1_reviewed_label_reused_and_hash_matched,0,1,957abc2a97d5348f1fc55588dac4b3c38822b341e7e020b720ca042809076c23,0,0,0,1,0
P05_S03_CUP_0040,P05_S03_CUP_0040.jpg,train,P05,S03,v1_reviewed_label_reused,v1_reviewed_label_reused_and_hash_matched,0,1,caea561a5a3d2e9c83aa86ff9c6033c9d8ea32486d40e1a62eedbd3d96639839,0,0,0,1,0
P05_S03_HDP_0041,P05_S03_HDP_0041.jpg,train,P05,S03,v1_reviewed_label_reused,v1_reviewed_label_reused_and_hash_matched,0,1,e58884c02a7834e59dc8e8e91b2c8d5b2cbb8155c4ef799eacbfa53b8da8a9ab,0,0,0,0,1
P05_S03_HDP_0042,P05_S03_HDP_0042.jpg,train,P05,S03,v1_reviewed_label_reused,v1_reviewed_label_reused_and_hash_matched,0,1,6c784027cc9a35baf7f07bc8b1041ec61880fe7972042bfbfe2595ffebbd84ce,0,0,0,0,1
P05_S03_HDP_0043,P05_S03_HDP_0043.jpg,train,P05,S03,v1_reviewed_label_reused,v1_reviewed_label_reused_and_hash_matched,0,1,3c8f9c3c51fef3d188db392801852e129036b6373d0af0067a42b6eda99aea17,0,0,0,0,1
P05_S03_HDP_0044,P05_S03_HDP_0044.jpg,train,P05,S03,v1_reviewed_label_reused,v1_reviewed_label_reused_and_hash_matched,0,1,1ef43aa9d859680289c9a6a5f055782f67797bbc23096c87916744d23e1bf5e8,0,0,0,0,1
P05_S03_HDP_0045,P05_S03_HDP_0045.jpg,train,P05,S03,v1_reviewed_label_reused,v1_reviewed_label_reused_and_hash_matched,0,1,dbece87b9b9611c424c750c53f5f620b6d9d4756b67790a096a87eb84c7fa71d,0,0,0,0,1
P05_S03_HDP_0046,P05_S03_HDP_0046.jpg,train,P05,S03,v1_reviewed_label_reused,v1_reviewed_label_reused_and_hash_matched,0,1,fe8d9d6e96b5b1103a03901a15a63a2e98b1197f5729d063da454bd36dd5e0a2,0,0,0,0,1
P05_S03_HDP_0047,P05_S03_HDP_0047.jpg,train,P05,S03,v1_reviewed_label_reused,v1_reviewed_label_reused_and_hash_matched,0,1,2bdba952c64d01c594edbde62c62c79a57af6c95d1bb1c4f18407c24985c5c6d,0,0,0,0,1
P05_S03_HDP_0048,P05_S03_HDP_0048.jpg,train,P05,S03,v1_reviewed_label_reused,v1_reviewed_label_reused_and_hash_matched,0,1,123ae095868bd62b0744c07674c1e723c9999404d1d7eeec0ae2d3b06fbca12d,0,0,0,0,1
P05_S03_HDP_0049,P05_S03_HDP_0049.jpg,train,P05,S03,v1_reviewed_label_reused,v1_reviewed_label_reused_and_hash_matched,0,1,883cebcaf5e746238623de3a74f9d81620016d0e70dc98e6318a2d1ebc857617,0,0,0,0,1
P05_S03_HDP_0050,P05_S03_HDP_0050.jpg,train,P05,S03,v1_reviewed_label_reused,v1_reviewed_label_reused_and_hash_matched,0,1,87272b7f112d6dd585f2f1d36e5d67e2fa0901d3260b3beedaf5035225a2a3fc,0,0,0,0,1
P05_S03_KEY_0011,P05_S03_KEY_0011.jpg,train,P05,S03,v1_reviewed_label_reused,v1_reviewed_label_reused_and_hash_matched,0,1,cf8a96ff953cd00511e3afa29a36ec847d0143d678281ff90488192b2c300977,0,1,0,0,0
P05_S03_KEY_0012,P05_S03_KEY_0012.jpg,train,P05,S03,v1_reviewed_label_reused,v1_reviewed_label_reused_and_hash_matched,0,1,dbdd8ed68316e313fd3770249f2ea03cf624a9228d68121482109b22eafc4c4b,0,1,0,0,0
P05_S03_KEY_0013,P05_S03_KEY_0013.jpg,train,P05,S03,v1_reviewed_label_reused,v1_reviewed_label_reused_and_hash_matched,0,1,be6c2018bb34f7c9d2b7d390f3dcce2bb97dfb5b4b1ebda26c330fcb170ecb0b,0,1,0,0,0
P05_S03_KEY_0014,P05_S03_KEY_0014.jpg,train,P05,S03,v1_reviewed_label_reused,v1_reviewed_label_reused_and_hash_matched,0,1,9b214ed5faa9381b3da9a6094f525c0b98361d96afaf117f687d2f9355f982ef,0,1,0,0,0
P05_S03_KEY_0015,P05_S03_KEY_0015.jpg,train,P05,S03,v1_reviewed_label_reused,v1_reviewed_label_reused_and_hash_matched,0,1,b307ebc9077797744315c386bc84ad4ba4477e87d86d1549b85e450973cd6412,0,1,0,0,0
P05_S03_KEY_0016,P05_S03_KEY_0016.jpg,train,P05,S03,v1_reviewed_label_reused,v1_reviewed_label_reused_and_hash_matched,0,1,ba2508bef1fea500ae17ba7a683fd9afeb5723fdf358df9d13c604bebcc93d0e,0,1,0,0,0
P05_S03_KEY_0017,P05_S03_KEY_0017.jpg,train,P05,S03,v1_reviewed_label_reused,v1_reviewed_label_reused_and_hash_matched,0,1,b23336686b419ba851cad2fd6957d5e9fba3fcfb3a560d9409754fa879afe7c1,0,1,0,0,0
P05_S03_KEY_0018,P05_S03_KEY_0018.jpg,train,P05,S03,v1_reviewed_label_reused,v1_reviewed_label_reused_and_hash_matched,0,1,197b14d0f5ec517f7d1a6053f3eab05820e8a0fbb9c13eaf4b60f0e017609feb,0,1,0,0,0
P05_S03_KEY_0019,P05_S03_KEY_0019.jpg,train,P05,S03,v1_reviewed_label_reused,v1_reviewed_label_reused_and_hash_matched,0,1,6c3f2dadcb460d4c4074d45937651f437f23255de1e3961d19706674f87f79a4,0,1,0,0,0
P05_S03_KEY_0020,P05_S03_KEY_0020.jpg,train,P05,S03,v1_reviewed_label_reused,v1_reviewed_label_reused_and_hash_matched,0,1,4647c6237033eee98180832f1f67b6bbb91ae87737b93aa098a2333e40c9b977,0,1,0,0,0
P05_S03_LAP_0021,P05_S03_LAP_0021.jpg,train,P05,S03,v1_reviewed_label_reused,v1_reviewed_label_reused_and_hash_matched,0,1,957cd4943bf171aa68883a0dd2bd576f8b88e3a7daeecfee572a75b8d7d84cca,0,0,1,0,0
P05_S03_LAP_0022,P05_S03_LAP_0022.jpg,train,P05,S03,v1_reviewed_label_reused,v1_reviewed_label_reused_and_hash_matched,0,1,cd43e1f410aa4228d020d2575ffe10aaa41f1f678625fd6d3d91d466bb1a8df4,0,0,1,0,0
P05_S03_LAP_0023,P05_S03_LAP_0023.jpg,train,P05,S03,v1_reviewed_label_reused,v1_reviewed_label_reused_and_hash_matched,0,1,5796c7cfeb961d49cbee3c4d4e70715e2ba7d273c7aaa8f1f426ce03b0d2b620,0,0,1,0,0
P05_S03_LAP_0024,P05_S03_LAP_0024.jpg,train,P05,S03,v1_reviewed_label_reused,v1_reviewed_label_reused_and_hash_matched,0,1,1d798c58c11ad9a826f6be4133388a4df7c68b3bf369185d6b74ed041fe78de1,0,0,1,0,0
P05_S03_LAP_0025,P05_S03_LAP_0025.jpg,train,P05,S03,v1_reviewed_label_reused,v1_reviewed_label_reused_and_hash_matched,0,1,07d5a36b439e8c8610e8848d64234534a5c06c6c2ec084697d338af914c1cc91,0,0,1,0,0
P05_S03_LAP_0026,P05_S03_LAP_0026.jpg,train,P05,S03,v1_reviewed_label_reused,v1_reviewed_label_reused_and_hash_matched,0,1,282116e8ef9c95a38267f6003c340fe095b878e133cf7215cbe3630f16a607cf,0,0,1,0,0
P05_S03_LAP_0027,P05_S03_LAP_0027.jpg,train,P05,S03,v1_reviewed_label_reused,v1_reviewed_label_reused_and_hash_matched,0,1,23ea0aebbabde20d42c778ee3b5b4f5861900604c4cd2da1a775b3720f5bf16c,0,0,1,0,0
P05_S03_LAP_0028,P05_S03_LAP_0028.jpg,train,P05,S03,v1_reviewed_label_reused,v1_reviewed_label_reused_and_hash_matched,0,1,3260c3e97e6e7333cf35d36b5275d5dc1f9d5208c2627f5805cde309d6af39f9,0,0,1,0,0
P05_S03_LAP_0029,P05_S03_LAP_0029.jpg,train,P05,S03,v1_reviewed_label_reused,v1_reviewed_label_reused_and_hash_matched,0,1,4dc8a51a16a5389e6a9f669750ae8edd29265e025d5f6295569f14f8a2c17b77,0,0,1,0,0
P05_S03_LAP_0030,P05_S03_LAP_0030.jpg,train,P05,S03,v1_reviewed_label_reused,v1_reviewed_label_reused_and_hash_matched,0,1,16ab4f43373a1a8c7a0d67fcf0483ef0048095526502c913cad2b8bd5734abd9,0,0,1,0,0
P05_S03_MIX_0051,P05_S03_MIX_0051.jpg,train,P05,S03,v1_reviewed_label_reused,v1_reviewed_label_reused_and_hash_matched,0,2,f41bf0c16330e14816c9a1854d3e7b215bf1b5743fec0f6c37e6e3e1bfb25774,1,1,0,0,0
P05_S03_MIX_0052,P05_S03_MIX_0052.jpg,train,P05,S03,v1_reviewed_label_reused,v1_reviewed_label_reused_and_hash_matched,0,2,22ea8bb6af4f15bd395324f92619255e500fb082d85bb62fdee4b0cb5f9cbf36,1,1,0,0,0
P05_S03_MIX_0053,P05_S03_MIX_0053.jpg,train,P05,S03,v1_reviewed_label_reused,v1_reviewed_label_reused_and_hash_matched,0,2,920122849e023a09f83835b6ce6d2a66346f300ef4aee022ec6cfbf1b0a1d5c6,1,1,0,0,0
P05_S03_MIX_0054,P05_S03_MIX_0054.jpg,train,P05,S03,v1_reviewed_label_reused,v1_reviewed_label_reused_and_hash_matched,0,2,c41aadd0c27ad633b8a1e857a5961a057c9dc36bb335a1399231de0368fad73f,1,0,1,0,0
P05_S03_MIX_0055,P05_S03_MIX_0055.jpg,train,P05,S03,v1_reviewed_label_reused,v1_reviewed_label_reused_and_hash_matched,0,2,1de85f029bedfd102060f3d8668e3da83ccb42348fd29baffa37abf2f2961ddd,1,0,1,0,0
P05_S03_MIX_0056,P05_S03_MIX_0056.jpg,train,P05,S03,v1_reviewed_label_reused,v1_reviewed_label_reused_and_hash_matched,0,2,afa46f8fed2e618bd06bf0e5e63e7933da20c7cef5df0b798ab4b924808a287d,1,0,1,0,0
P05_S03_MIX_0057,P05_S03_MIX_0057.jpg,train,P05,S03,v1_reviewed_label_reused,v1_reviewed_label_reused_and_hash_matched,0,2,20383d78ab61b610bdd3f22d1842cfdf8c8c410f2ae27e297cad264bf28e64b7,1,0,0,1,0
P05_S03_MIX_0058,P05_S03_MIX_0058.jpg,train,P05,S03,v1_reviewed_label_reused,v1_reviewed_label_reused_and_hash_matched,0,2,d3d33b69d915bed40978d2d7d11e48985f318cd44207d0d67fee119e263454e4,1,0,0,1,0
P05_S03_MIX_0059,P05_S03_MIX_0059.jpg,train,P05,S03,v1_reviewed_label_reused,v1_reviewed_label_reused_and_hash_matched,0,2,9b6c2294091c01e2609b2a70c9012be14d0613aae5ca1f06dae2e18c29ba9ad6,1,0,0,1,0
P05_S03_MIX_0060,P05_S03_MIX_0060.jpg,train,P05,S03,v1_reviewed_label_reused,v1_reviewed_label_reused_and_hash_matched,0,2,50dd95b8a64ce01d5ec306fbf1df6b385216e8de8eab3321a8ba7776bedce764,1,0,0,0,1
P05_S03_MIX_0061,P05_S03_MIX_0061.jpg,train,P05,S03,v1_reviewed_label_reused,v1_reviewed_label_reused_and_hash_matched,0,2,c8b5bc30ab444b5145072d93480c4798c7a4ee04ea8bb8a9125732bb2cd8d5e6,1,0,0,0,1
P05_S03_MIX_0062,P05_S03_MIX_0062.jpg,train,P05,S03,v1_reviewed_label_reused,v1_reviewed_label_reused_and_hash_matched,0,2,2f7736f7e6a4fff7d258e186056a057b6e57ba54aa81f793f53a4428423aba55,1,0,0,0,1
P05_S03_MIX_0063,P05_S03_MIX_0063.jpg,train,P05,S03,v1_reviewed_label_reused,v1_reviewed_label_reused_and_hash_matched,0,2,fadbf8c5613ab157da4ca2a5ebecc879eebf55181b7323684941b40fc8ee4100,0,1,1,0,0
P05_S03_MIX_0064,P05_S03_MIX_0064.jpg,train,P05,S03,v1_reviewed_label_reused,v1_reviewed_label_reused_and_hash_matched,0,2,0a87b739b406ebac992276259c0d59e918090e5e2ae3f15397ed725caecccb27,0,1,1,0,0
P05_S03_MIX_0065,P05_S03_MIX_0065.jpg,train,P05,S03,v1_reviewed_label_reused,v1_reviewed_label_reused_and_hash_matched,0,2,2ec11b9311a9b07633fdbaa54e340e3aa6e798ac3391b56a49e403da7b7066a1,0,1,1,0,0
P05_S03_MIX_0066,P05_S03_MIX_0066.jpg,train,P05,S03,v1_reviewed_label_reused,v1_reviewed_label_reused_and_hash_matched,0,2,9995a976eda780790d14bfdc0a16524fe87f32558c73663c6ee6be33ada2fffa,0,1,0,1,0
P05_S03_MIX_0067,P05_S03_MIX_0067.jpg,train,P05,S03,v1_reviewed_label_reused,v1_reviewed_label_reused_and_hash_matched,0,2,ed5c1a1821be9a45594387947866c32001efadeaa2ee227603d63cc06e42215e,0,1,0,1,0
P05_S03_MIX_0068,P05_S03_MIX_0068.jpg,train,P05,S03,v1_reviewed_label_reused,v1_reviewed_label_reused_and_hash_matched,0,2,a4859e8aadf9a80a894f610de284c32490ac132395e308f5a7ad3b713299a48c,0,1,0,1,0
P05_S03_MIX_0069,P05_S03_MIX_0069.jpg,train,P05,S03,v1_reviewed_label_reused,v1_reviewed_label_reused_and_hash_matched,0,2,9e5be6fb070a1cfa72e9d4882bc8761687eb53b261fe326844e87b4641656201,0,1,0,0,1
P05_S03_MIX_0070,P05_S03_MIX_0070.jpg,train,P05,S03,v1_reviewed_label_reused,v1_reviewed_label_reused_and_hash_matched,0,2,61a6051d3e6d803d35e98b7c2992d0852ed5ecea8051ddd5bb096f1a03e8e5bd,0,1,0,0,1
P05_S03_MIX_0071,P05_S03_MIX_0071.jpg,train,P05,S03,v1_reviewed_label_reused,v1_reviewed_label_reused_and_hash_matched,0,2,140bd0ad88bd90b2b34052521f0c6810811dee53236e4c4500ae56cc0b06e547,0,1,0,0,1
P05_S03_MIX_0072,P05_S03_MIX_0072.jpg,train,P05,S03,v1_reviewed_label_reused,v1_reviewed_label_reused_and_hash_matched,0,2,57063e648b436e65c3ff83be3e5ad40050741d55462a5561b9115215837ef7d4,0,0,1,1,0
P05_S03_MIX_0073,P05_S03_MIX_0073.jpg,train,P05,S03,v1_reviewed_label_reused,v1_reviewed_label_reused_and_hash_matched,0,2,4c6442529996efe218b1f45df8f36c5fc28fd7d711cb17d6c73e61e6e997c814,0,0,1,1,0
P05_S03_MIX_0074,P05_S03_MIX_0074.jpg,train,P05,S03,v1_reviewed_label_reused,v1_reviewed_label_reused_and_hash_matched,0,2,ed14866e49cb5853bcfcf0083d15679d2c637bc03970c7a0c37f8bb7cea8ea34,0,0,1,1,0
P05_S03_MIX_0075,P05_S03_MIX_0075.jpg,train,P05,S03,v1_reviewed_label_reused,v1_reviewed_label_reused_and_hash_matched,0,2,ff6e50c1405e06589209528a0fd5b848fb3985da1acac59b4f05ba6f26d76426,0,0,1,0,1
P05_S03_MIX_0076,P05_S03_MIX_0076.jpg,train,P05,S03,v1_reviewed_label_reused,v1_reviewed_label_reused_and_hash_matched,0,2,2028f7730eba831f3c396b0601033688ad1b3bd08b6c10a29616291897b448b4,0,0,1,0,1
P05_S03_MIX_0077,P05_S03_MIX_0077.jpg,train,P05,S03,v1_reviewed_label_reused,v1_reviewed_label_reused_and_hash_matched,0,2,3c6e6ce15399c250e0501779b31b7cf1f50dc5ac7b94737da7a5c4bf9f375476,0,0,1,0,1
P05_S03_MIX_0078,P05_S03_MIX_0078.jpg,train,P05,S03,v1_reviewed_label_reused,v1_reviewed_label_reused_and_hash_matched,0,2,ba3aa78ef18bfdeeb4d777e5b76ed9222262e4f41ca9f775628b02203c82be75,0,0,0,1,1
P05_S03_MIX_0079,P05_S03_MIX_0079.jpg,train,P05,S03,v1_reviewed_label_reused,v1_reviewed_label_reused_and_hash_matched,0,2,693ff9cdf9a4d8bab8bef1f97fe984ba524ae868378a475357d6b2dc99a7f83c,0,0,0,1,1
P05_S03_MIX_0080,P05_S03_MIX_0080.jpg,train,P05,S03,v1_reviewed_label_reused,v1_reviewed_label_reused_and_hash_matched,0,2,f8af53742c126680ffd8092df3e571587b439beaad57748520414b10e13f1872,0,0,0,1,1
P05_S03_MIX_0081,P05_S03_MIX_0081.jpg,train,P05,S03,v1_reviewed_label_reused,v1_reviewed_label_reused_and_hash_matched,0,3,e732d97fab58b73c164fbd0f6670db7599e5b7d39fdd50abf2ef724389daece1,1,1,1,0,0
P05_S03_MIX_0082,P05_S03_MIX_0082.jpg,train,P05,S03,v1_reviewed_label_reused,v1_reviewed_label_reused_and_hash_matched,0,3,f33d3e0cf9ac88508f4edf4ddf0b33a657de07d3b2315a0abea4ca84e42e851b,1,1,1,0,0
P05_S03_MIX_0083,P05_S03_MIX_0083.jpg,train,P05,S03,v1_reviewed_label_reused,v1_reviewed_label_reused_and_hash_matched,0,3,f739f891857e0450810d882018552ca315caf0512d7b78757c8f30f487dbac02,1,1,0,1,0
P05_S03_MIX_0084,P05_S03_MIX_0084.jpg,train,P05,S03,v1_reviewed_label_reused,v1_reviewed_label_reused_and_hash_matched,0,3,7a3407e7e06729336550926ed9872b1a9a6c3aa822697fccafa247b5e36984b9,1,1,0,1,0
P05_S03_MIX_0085,P05_S03_MIX_0085.jpg,train,P05,S03,v1_reviewed_label_reused,v1_reviewed_label_reused_and_hash_matched,0,3,17b25f7dd3719fbd2b80853b30a1038039e759a43b250104506d2353f7186f6d,1,1,0,0,1
P05_S03_MIX_0086,P05_S03_MIX_0086.jpg,train,P05,S03,v1_reviewed_label_reused,v1_reviewed_label_reused_and_hash_matched,0,3,30f98d2a746425c624956a3dc737a66764da5f3702cf3b36c7707a13ce76e980,1,1,0,0,1
P05_S03_MIX_0087,P05_S03_MIX_0087.jpg,train,P05,S03,v1_reviewed_label_reused,v1_reviewed_label_reused_and_hash_matched,0,3,8675568a5cee7fdd163ca96bf9eb9e0651a0a407fc1d9e2fcd238f43a53ec4b8,1,0,1,1,0
P05_S03_MIX_0088,P05_S03_MIX_0088.jpg,train,P05,S03,v1_reviewed_label_reused,v1_reviewed_label_reused_and_hash_matched,0,3,7001298a37bac10558a12252b8ca50e6c5c52038a2246a903910a28656ed5ae7,1,0,1,1,0
P05_S03_MIX_0089,P05_S03_MIX_0089.jpg,train,P05,S03,v1_reviewed_label_reused,v1_reviewed_label_reused_and_hash_matched,0,3,cd4e02d5adfc4371d20c8b91a6e23be456b2b0c0cd43bcd1224c9dcb66349b29,1,0,1,0,1
P05_S03_MIX_0090,P05_S03_MIX_0090.jpg,train,P05,S03,v1_reviewed_label_reused,v1_reviewed_label_reused_and_hash_matched,0,3,4bc9614c838f9ac8fa0ed219edf5709eb4898cf32b44a5ce2325218116e2fa0a,1,0,1,0,1
P05_S03_MIX_0091,P05_S03_MIX_0091.jpg,train,P05,S03,v1_reviewed_label_reused,v1_reviewed_label_reused_and_hash_matched,0,3,b0fd4a3b949a4c237dd0954de65ea55b96227c3026d3ef592c62704c2c301c1d,1,0,0,1,1
P05_S03_MIX_0092,P05_S03_MIX_0092.jpg,train,P05,S03,v1_reviewed_label_reused,v1_reviewed_label_reused_and_hash_matched,0,3,516489d6379dff61eff5eb90b13f2e4765a82ad861bc15e5fb580531c81d6e3e,1,0,0,1,1
P05_S03_MIX_0093,P05_S03_MIX_0093.jpg,train,P05,S03,v1_reviewed_label_reused,v1_reviewed_label_reused_and_hash_matched,0,3,49cabaca7508bd9841a3bd2168ff3c3911273df4e2ef72b3311532ebef3e2b6f,0,1,1,1,0
P05_S03_MIX_0094,P05_S03_MIX_0094.jpg,train,P05,S03,v1_reviewed_label_reused,v1_reviewed_label_reused_and_hash_matched,0,3,008c8eea742115abfffecf819a7ed3ffc350ee6b64cc81f3efa1c955e3bb33e5,0,1,1,1,0
P05_S03_MIX_0095,P05_S03_MIX_0095.jpg,train,P05,S03,v1_reviewed_label_reused,v1_reviewed_label_reused_and_hash_matched,0,3,572a5e402f82b9fe7441dabcf337848bd8ed4b4f8848e3e0a99c997e1490fe02,0,1,1,0,1
P05_S03_MIX_0096,P05_S03_MIX_0096.jpg,train,P05,S03,v1_reviewed_label_reused,v1_reviewed_label_reused_and_hash_matched,0,3,4b2500307e45361f86bf6004b21681812fb979f85e69fe5fb49eddfd455a67cb,0,1,1,0,1
P05_S03_MIX_0097,P05_S03_MIX_0097.jpg,train,P05,S03,v1_reviewed_label_reused,v1_reviewed_label_reused_and_hash_matched,0,3,f880625878fe35343b9b4939d3140d322e34efc3dad052abec3d8f21ec2ea069,0,1,0,1,1
P05_S03_MIX_0098,P05_S03_MIX_0098.jpg,train,P05,S03,v1_reviewed_label_reused,v1_reviewed_label_reused_and_hash_matched,0,3,d868d6ba35ea9a20df44db6816547777ac8608ddfed2e09d73ab9a264704d6a9,0,1,0,1,1
P05_S03_MIX_0099,P05_S03_MIX_0099.jpg,train,P05,S03,v1_reviewed_label_reused,v1_reviewed_label_reused_and_hash_matched,0,3,d069ee38992cb87cb7827c2230d43889a1f70a143718062435a60eda75d20766,0,0,1,1,1
P05_S03_MIX_0100,P05_S03_MIX_0100.jpg,train,P05,S03,v1_reviewed_label_reused,v1_reviewed_label_reused_and_hash_matched,0,3,700177b3941da15fbded18c0f6826f25df7d656047d223321e0883c6696c35ce,0,0,1,1,1
P05_S03_MOU_0001,P05_S03_MOU_0001.jpg,train,P05,S03,v1_reviewed_label_reused,v1_reviewed_label_reused_and_hash_matched,0,1,0b3ff10b62b7e4d7e1d08bd95936535ab196c797706c6f99ba86c7591dffc6d3,1,0,0,0,0
P05_S03_MOU_0002,P05_S03_MOU_0002.jpg,train,P05,S03,v1_reviewed_label_reused,v1_reviewed_label_reused_and_hash_matched,0,1,703d5eccf4f56b50e932e51b93bfd7857ab03d7bf3f2e9578ed9af185b07002c,1,0,0,0,0
P05_S03_MOU_0003,P05_S03_MOU_0003.jpg,train,P05,S03,v1_reviewed_label_reused,v1_reviewed_label_reused_and_hash_matched,0,1,447d2b9ef5447405a8d5bd13636dee3c6acd5d7ec646e160c0a9c8c4f735841d,1,0,0,0,0
P05_S03_MOU_0004,P05_S03_MOU_0004.jpg,train,P05,S03,v1_reviewed_label_reused,v1_reviewed_label_reused_and_hash_matched,0,1,ab10368ef57374162472c0277e118ca7a88bc48dfc048529d0c568763ab312e1,1,0,0,0,0
P05_S03_MOU_0005,P05_S03_MOU_0005.jpg,train,P05,S03,v1_reviewed_label_reused,v1_reviewed_label_reused_and_hash_matched,0,1,4287113e6fe21081e351dde90eea3c5cc3b5fbe296c20d94574d04d4f03344f7,1,0,0,0,0
P05_S03_MOU_0006,P05_S03_MOU_0006.jpg,train,P05,S03,v1_reviewed_label_reused,v1_reviewed_label_reused_and_hash_matched,0,1,2b4b678beb174123e7c1d0ac85bf37bd07cfd4dd7b284f6c38980d764f7a792c,1,0,0,0,0
P05_S03_MOU_0007,P05_S03_MOU_0007.jpg,train,P05,S03,v1_reviewed_label_reused,v1_reviewed_label_reused_and_hash_matched,0,1,56a705259201ec2b956b5c58b1a9bdc7fc0fe63d5ca35542ca6a1910db0e9c8b,1,0,0,0,0
P05_S03_MOU_0008,P05_S03_MOU_0008.jpg,train,P05,S03,v1_reviewed_label_reused,v1_reviewed_label_reused_and_hash_matched,0,1,9a5a4b5734c1705882b8f73a0b60d0ac2ab774fb0c3c3e7819747b7d28b5280a,1,0,0,0,0
P05_S03_MOU_0009,P05_S03_MOU_0009.jpg,train,P05,S03,v1_reviewed_label_reused,v1_reviewed_label_reused_and_hash_matched,0,1,01f6a617f28e2c962eb0f002ad9a1939dee43fc77e57964e4ce56aa1ffe1303f,1,0,0,0,0
P05_S03_MOU_0010,P05_S03_MOU_0010.jpg,train,P05,S03,v1_reviewed_label_reused,v1_reviewed_label_reused_and_hash_matched,0,1,0ff18d8adf7731e9a479f91f5393fb6a5aa85cf242eb47689feb0bbfd7ae3f0b,1,0,0,0,0
P05_S04_CUP_0031,P05_S04_CUP_0031.jpg,test,P05,S04,v1_reviewed_label_reused,v1_reviewed_label_reused_and_hash_matched,0,1,988cf8b4e77372c7a64a6e3600fdefd5a36400722e574f4ec363688f586ffb16,0,0,0,1,0
P05_S04_CUP_0032,P05_S04_CUP_0032.jpg,test,P05,S04,v1_reviewed_label_reused,v1_reviewed_label_reused_and_hash_matched,0,1,edb6b2a6df94505c6d0d555f33e2e2ed4c281909266216614c0821f8c9a9e54b,0,0,0,1,0
P05_S04_CUP_0033,P05_S04_CUP_0033.jpg,test,P05,S04,v1_reviewed_label_reused,v1_reviewed_label_reused_and_hash_matched,0,1,8f134cafc9736334709648b4096682b46a11819d1c0651ecfd81cee260dfd0eb,0,0,0,1,0
P05_S04_CUP_0034,P05_S04_CUP_0034.jpg,test,P05,S04,v1_reviewed_label_reused,v1_reviewed_label_reused_and_hash_matched,0,1,d555c2bed3a9d563cb6bd8d21e8f3d8f415bda889e4659ec880383b654db3390,0,0,0,1,0
P05_S04_CUP_0035,P05_S04_CUP_0035.jpg,test,P05,S04,v1_reviewed_label_reused,v1_reviewed_label_reused_and_hash_matched,0,1,7bf4111bf6ecb4b4bb9a8f50643ff8df4dab66b170da0a7c246bfbdf53ef3a6f,0,0,0,1,0
P05_S04_CUP_0036,P05_S04_CUP_0036.jpg,test,P05,S04,v1_reviewed_label_reused,v1_reviewed_label_reused_and_hash_matched,0,1,456a4017f4f10fc966f232f649515227eb1ba2d63526c63cc648ba1fc629d664,0,0,0,1,0
P05_S04_CUP_0037,P05_S04_CUP_0037.jpg,test,P05,S04,v1_reviewed_label_reused,v1_reviewed_label_reused_and_hash_matched,0,1,1201be957a850bf8c42fefbb9489018d44126e13f2066b25aa56eb8109944742,0,0,0,1,0
P05_S04_CUP_0038,P05_S04_CUP_0038.jpg,test,P05,S04,v1_reviewed_label_reused,v1_reviewed_label_reused_and_hash_matched,0,1,371084734d9ec90c2bae2bae5f3bcece80c7b86aa64c1e0918def67a5221ac8c,0,0,0,1,0
P05_S04_CUP_0039,P05_S04_CUP_0039.jpg,test,P05,S04,v1_reviewed_label_reused,v1_reviewed_label_reused_and_hash_matched,0,1,993b9a8db4b60e39c4b46036a24646bc239d85b8a18431d1b5d1f8a909b9d445,0,0,0,1,0
P05_S04_CUP_0040,P05_S04_CUP_0040.jpg,test,P05,S04,v1_reviewed_label_reused,v1_reviewed_label_reused_and_hash_matched,0,1,2b361c93c014713ee528f5e636043c2d5f79c6b52d5664e0790b259f9eb3ad74,0,0,0,1,0
P05_S04_HDP_0041,P05_S04_HDP_0041.jpg,test,P05,S04,v1_reviewed_label_reused,v1_reviewed_label_reused_and_hash_matched,0,1,c6735f29d16b410714c3dfae8e302594b5242e535751da012876bfc7605d76e7,0,0,0,0,1
P05_S04_HDP_0042,P05_S04_HDP_0042.jpg,test,P05,S04,v1_reviewed_label_reused,v1_reviewed_label_reused_and_hash_matched,0,1,57b599eb4f9faa99579fca88a81810b6e14732c5459bd053e2aaa75a2309bcb6,0,0,0,0,1
P05_S04_HDP_0043,P05_S04_HDP_0043.jpg,test,P05,S04,v1_reviewed_label_reused,v1_reviewed_label_reused_and_hash_matched,0,1,aae6f6e0c46b3d061285a2b9ec68223e885b05c14e7dd5adaa4acd1e3ff26c6e,0,0,0,0,1
P05_S04_HDP_0044,P05_S04_HDP_0044.jpg,test,P05,S04,v1_reviewed_label_reused,v1_reviewed_label_reused_and_hash_matched,0,1,393a226ebb9aee018335358ef0e0b7a42450a92436627ec69c9558f67c72e800,0,0,0,0,1
P05_S04_HDP_0045,P05_S04_HDP_0045.jpg,test,P05,S04,v1_reviewed_label_reused,v1_reviewed_label_reused_and_hash_matched,0,1,7c626d79245ca4084ae88ba92d6d60ab69288497c9691421c53c09ddb9820b52,0,0,0,0,1
P05_S04_HDP_0046,P05_S04_HDP_0046.jpg,test,P05,S04,v1_reviewed_label_reused,v1_reviewed_label_reused_and_hash_matched,0,1,d1ef6fc018224cdeea7b20536b595e3258c7e4f3c82b0744900b8a1464e2c4e7,0,0,0,0,1
P05_S04_HDP_0047,P05_S04_HDP_0047.jpg,test,P05,S04,v1_reviewed_label_reused,v1_reviewed_label_reused_and_hash_matched,0,1,0bbeae8f58680db43fdafffb5321aa87fe7ee9ec7c5a685f4f8e9d69744ccf2e,0,0,0,0,1
P05_S04_HDP_0048,P05_S04_HDP_0048.jpg,test,P05,S04,v1_reviewed_label_reused,v1_reviewed_label_reused_and_hash_matched,0,1,78e0cf177b4625a56a2f41dbbcdb61437811699f71d67ac3712180e7af84f34a,0,0,0,0,1
P05_S04_HDP_0049,P05_S04_HDP_0049.jpg,test,P05,S04,v1_reviewed_label_reused,v1_reviewed_label_reused_and_hash_matched,0,1,6dfe62de64eb8ca2f618a4797ebeb390fc331bed8bf20dac187aa3b45ee246ee,0,0,0,0,1
P05_S04_HDP_0050,P05_S04_HDP_0050.jpg,test,P05,S04,v1_reviewed_label_reused,v1_reviewed_label_reused_and_hash_matched,0,1,32a5122b6ae4fe938b97f23f1b8180c952ebe5490fdc63a052c3a96a96f7f603,0,0,0,0,1
P05_S04_KEY_0011,P05_S04_KEY_0011.jpg,test,P05,S04,v1_reviewed_label_reused,v1_reviewed_label_reused_and_hash_matched,0,1,5294fa82c2a76bfe50e2ecc5cf9a361bc62b8ce0947a6755ee7aa93193cead22,0,1,0,0,0
P05_S04_KEY_0012,P05_S04_KEY_0012.jpg,test,P05,S04,v1_reviewed_label_reused,v1_reviewed_label_reused_and_hash_matched,0,1,fc0ccd389a366ff1f5aafb94f7c56593df678914b4324a5fcd9ab67a33c37e42,0,1,0,0,0
P05_S04_KEY_0013,P05_S04_KEY_0013.jpg,test,P05,S04,v1_reviewed_label_reused,v1_reviewed_label_reused_and_hash_matched,0,1,73a35c7a4fb20bb872558ab1c2197f4630d47958c150b067bffb7db164a79270,0,1,0,0,0
P05_S04_KEY_0014,P05_S04_KEY_0014.jpg,test,P05,S04,v1_reviewed_label_reused,v1_reviewed_label_reused_and_hash_matched,0,1,b20f47b671b37430cacc265d17e6e63f4288036ba93bab9699a3e90baacc29a2,0,1,0,0,0
P05_S04_KEY_0015,P05_S04_KEY_0015.jpg,test,P05,S04,v1_reviewed_label_reused,v1_reviewed_label_reused_and_hash_matched,0,1,eccee4fd8620710ccbe7043bc12e0064f2e6cc1d5b6fb1f3b29c93613c3bd52a,0,1,0,0,0
P05_S04_KEY_0016,P05_S04_KEY_0016.jpg,test,P05,S04,v1_reviewed_label_reused,v1_reviewed_label_reused_and_hash_matched,0,1,71659ab8196e486dd4d8c3d85d1f512c9b913f52a2112b7dae827bfa4c8a8a37,0,1,0,0,0
P05_S04_KEY_0017,P05_S04_KEY_0017.jpg,test,P05,S04,v1_reviewed_label_reused,v1_reviewed_label_reused_and_hash_matched,0,1,c8e9949d20854129895c7b1f994aa029cd86bcf5b0efdcd6677d19281cc04573,0,1,0,0,0
P05_S04_KEY_0018,P05_S04_KEY_0018.jpg,test,P05,S04,v1_reviewed_label_reused,v1_reviewed_label_reused_and_hash_matched,0,1,b425dbc99fe844d83d057680e8066d0044783dee4de55b0ea6cd9a8beffa5510,0,1,0,0,0
P05_S04_KEY_0019,P05_S04_KEY_0019.jpg,test,P05,S04,v1_reviewed_label_reused,v1_reviewed_label_reused_and_hash_matched,0,1,9d6c91aee58523f20ec4b7f12efc9dfaff82bb79d67064020e52b4b4323a52e3,0,1,0,0,0
P05_S04_KEY_0020,P05_S04_KEY_0020.jpg,test,P05,S04,v1_reviewed_label_reused,v1_reviewed_label_reused_and_hash_matched,0,1,4c7b803b03ed212a3ee6161193144b6825ea5120cc36a09cbea7ff33f1d0b455,0,1,0,0,0
P05_S04_LAP_0021,P05_S04_LAP_0021.jpg,test,P05,S04,v1_reviewed_label_reused,v1_reviewed_label_reused_and_hash_matched,0,1,b0b9e2ea8d184c815a72f6489c73bf7eebc3079d839482be4e6660c23095f783,0,0,1,0,0
P05_S04_LAP_0022,P05_S04_LAP_0022.jpg,test,P05,S04,v1_reviewed_label_reused,v1_reviewed_label_reused_and_hash_matched,0,1,c317dc19154f99416a76febef9776d575e0d09f34ff68c7b0457a6a6023e9e1d,0,0,1,0,0
P05_S04_LAP_0023,P05_S04_LAP_0023.jpg,test,P05,S04,v1_reviewed_label_reused,v1_reviewed_label_reused_and_hash_matched,0,1,3b56f743cbad492ad38f96711faaa667d418fa5394980c29137d6406c5948eb5,0,0,1,0,0
P05_S04_LAP_0024,P05_S04_LAP_0024.jpg,test,P05,S04,v1_reviewed_label_reused,v1_reviewed_label_reused_and_hash_matched,0,1,afe79aa398b2f366eda9a24b7baa1631b7c64b59dd7afd3af5b562b8dd7d2f61,0,0,1,0,0
P05_S04_LAP_0025,P05_S04_LAP_0025.jpg,test,P05,S04,v1_reviewed_label_reused,v1_reviewed_label_reused_and_hash_matched,0,1,4f6e020eb28052496bf20c724ff53c6fb8ccc355269087f9e12cad5ffae898a9,0,0,1,0,0
P05_S04_LAP_0026,P05_S04_LAP_0026.jpg,test,P05,S04,v1_reviewed_label_reused,v1_reviewed_label_reused_and_hash_matched,0,1,4b03e1567e68414bc63f0287a9cb15c1df1ca117bd86c600e2f295bef246eacd,0,0,1,0,0
P05_S04_LAP_0027,P05_S04_LAP_0027.jpg,test,P05,S04,v1_reviewed_label_reused,v1_reviewed_label_reused_and_hash_matched,0,1,a484d23a4ca602b0c896328761c5c7aec4f8149f5a83c6d1bb92f258fe59857b,0,0,1,0,0
P05_S04_LAP_0028,P05_S04_LAP_0028.jpg,test,P05,S04,v1_reviewed_label_reused,v1_reviewed_label_reused_and_hash_matched,0,1,e373beead0c9863999056d846f1a4bc65fd9e8e202950e0bb61e896dcc5522b0,0,0,1,0,0
P05_S04_LAP_0029,P05_S04_LAP_0029.jpg,test,P05,S04,v1_reviewed_label_reused,v1_reviewed_label_reused_and_hash_matched,0,1,eaf223f6768aa289b39083d337c80226008b8330a53cd073c1bd6553adb61304,0,0,1,0,0
P05_S04_LAP_0030,P05_S04_LAP_0030.jpg,test,P05,S04,v1_reviewed_label_reused,v1_reviewed_label_reused_and_hash_matched,0,1,999292a645e8afc4ce519aa208c6cfee50f0bdb070db4dbe94f7c64e7796df50,0,0,1,0,0
P05_S04_MIX_0051,P05_S04_MIX_0051.jpg,test,P05,S04,v1_reviewed_label_reused,v1_reviewed_label_reused_and_hash_matched,0,2,bd71f6cd8949eeacbc49a5a4def84d2a6bbd0a060ad00c95203a044b3fc876e2,1,1,0,0,0
P05_S04_MIX_0052,P05_S04_MIX_0052.jpg,test,P05,S04,v1_reviewed_label_reused,v1_reviewed_label_reused_and_hash_matched,0,2,0c1613439ed5e2e0e6d870cc29853b3e7e434f75681752bd6137e340168d7a9f,1,1,0,0,0
P05_S04_MIX_0053,P05_S04_MIX_0053.jpg,test,P05,S04,v1_reviewed_label_reused,v1_reviewed_label_reused_and_hash_matched,0,2,c4eb48251c9cc9d7b1e37b87b80733fd6f91c6129da62f4bc17a739456ad8d5c,1,0,1,0,0
P05_S04_MIX_0054,P05_S04_MIX_0054.jpg,test,P05,S04,v1_reviewed_label_reused,v1_reviewed_label_reused_and_hash_matched,0,2,f88a28259f82268733eb5c3fe7ae9948b197aabc2dd71d89ca41e183e7c75ad4,1,0,1,0,0
P05_S04_MIX_0055,P05_S04_MIX_0055.jpg,test,P05,S04,v1_reviewed_label_reused,v1_reviewed_label_reused_and_hash_matched,0,2,c64815c737e7d380765e77a8564ff3166f4c48fe5259ce4b2716d5b0e7500ea7,1,0,0,1,0
P05_S04_MIX_0056,P05_S04_MIX_0056.jpg,test,P05,S04,v1_reviewed_label_reused,v1_reviewed_label_reused_and_hash_matched,0,2,b40890b045398671f34820dadc4e8fbee970784d37ffc18c88785da12d36a39e,1,0,0,1,0
P05_S04_MIX_0057,P05_S04_MIX_0057.jpg,test,P05,S04,v1_reviewed_label_reused,v1_reviewed_label_reused_and_hash_matched,0,2,6d9f7d6f66b4427847a380e244fd744b5bad40d16051a4f61d5fe95e60547a46,1,0,0,0,1
P05_S04_MIX_0058,P05_S04_MIX_0058.jpg,test,P05,S04,v1_reviewed_label_reused,v1_reviewed_label_reused_and_hash_matched,0,2,414e7f712744f551ef924fd3fb722764ad66309f2fa3b9e0139e9d9e370e9307,1,0,0,0,1
P05_S04_MIX_0059,P05_S04_MIX_0059.jpg,test,P05,S04,v1_reviewed_label_reused,v1_reviewed_label_reused_and_hash_matched,0,2,875fd0c66708da5d04045a73d60277526941e19f1372bb6324de1636bbb12537,0,1,1,0,0
P05_S04_MIX_0060,P05_S04_MIX_0060.jpg,test,P05,S04,v1_reviewed_label_reused,v1_reviewed_label_reused_and_hash_matched,0,2,958f0c580c2d88fd3d60db0dec445e25028b483ac0173341f0bf94ff115de1b3,0,1,1,0,0
P05_S04_MIX_0061,P05_S04_MIX_0061.jpg,test,P05,S04,v1_reviewed_label_reused,v1_reviewed_label_reused_and_hash_matched,0,2,b7cdb9a7afa097a7d8259cba3bbf2110d53f5dc77d954472b01ea6849c8bb872,0,1,0,1,0
P05_S04_MIX_0062,P05_S04_MIX_0062.jpg,test,P05,S04,v1_reviewed_label_reused,v1_reviewed_label_reused_and_hash_matched,0,2,04bd3f2b9544cc1724ba3b3cd33640ee7fb0afa4e6bac010f90ea8fcf24e0423,0,1,0,1,0
P05_S04_MIX_0063,P05_S04_MIX_0063.jpg,test,P05,S04,v1_reviewed_label_reused,v1_reviewed_label_reused_and_hash_matched,0,2,dd0932195cc6bd2dac029e1460d6742b1c99f1887a77c799ac6795a76673d60e,0,1,0,0,1
P05_S04_MIX_0064,P05_S04_MIX_0064.jpg,test,P05,S04,v1_reviewed_label_reused,v1_reviewed_label_reused_and_hash_matched,0,2,e3146b474d8bdb29111a73653ef460ed84774d0dcf53dd4a9079edfa85986de0,0,1,0,0,1
P05_S04_MIX_0065,P05_S04_MIX_0065.jpg,test,P05,S04,v1_reviewed_label_reused,v1_reviewed_label_reused_and_hash_matched,0,2,eea30f9b7c1b85c3a0e78b9d6bc23df5434540ccf4b535c5f9aaafd6546783fc,0,0,1,1,0
P05_S04_MIX_0066,P05_S04_MIX_0066.jpg,test,P05,S04,v1_reviewed_label_reused,v1_reviewed_label_reused_and_hash_matched,0,2,657ed248f920bfb215fd3178e0cb13af8985a8f35ccd73aa43ad02f37c19cb24,0,0,1,1,0
P05_S04_MIX_0067,P05_S04_MIX_0067.jpg,test,P05,S04,v1_reviewed_label_reused,v1_reviewed_label_reused_and_hash_matched,0,2,fd58508452462b25960c46eb3fd013ede8334f7699085f7b27223ec5c4278951,0,0,1,0,1
P05_S04_MIX_0068,P05_S04_MIX_0068.jpg,test,P05,S04,v1_reviewed_label_reused,v1_reviewed_label_reused_and_hash_matched,0,2,99ae944a69d65c0cc44dbb6523528ddfb04c8b527c11cdc20d8608f06e9677b3,0,0,1,0,1
P05_S04_MIX_0069,P05_S04_MIX_0069.jpg,test,P05,S04,v1_reviewed_label_reused,v1_reviewed_label_reused_and_hash_matched,0,2,3d38914fea622db31142ddba3dadbac090b4577137eacb67454971d8ab334c16,0,0,0,1,1
P05_S04_MIX_0070,P05_S04_MIX_0070.jpg,test,P05,S04,v1_reviewed_label_reused,v1_reviewed_label_reused_and_hash_matched,0,2,207afda013f453cf4fb059afd9853351bafc02d24dba90e20b58bfcb447f05ce,0,0,0,1,1
P05_S04_MIX_0071,P05_S04_MIX_0071.jpg,test,P05,S04,v1_reviewed_label_reused,v1_reviewed_label_reused_and_hash_matched,0,3,e77e40d8ae9ec169acb174ada4a1c294d1639a56034aac9d9243a304a8cccfa2,1,1,1,0,0
P05_S04_MIX_0072,P05_S04_MIX_0072.jpg,test,P05,S04,v1_reviewed_label_reused,v1_reviewed_label_reused_and_hash_matched,0,3,a416fa2b313ece0bb46de505c26d6beffade297bf5634508c8def7a7b07c0557,1,1,1,0,0
P05_S04_MIX_0073,P05_S04_MIX_0073.jpg,test,P05,S04,v1_reviewed_label_reused,v1_reviewed_label_reused_and_hash_matched,0,3,9578ade2c10b461149ba6ad8f75e773e8237484acbf2a8ff1926f646c2d4ecf7,1,1,0,1,0
P05_S04_MIX_0074,P05_S04_MIX_0074.jpg,test,P05,S04,v1_reviewed_label_reused,v1_reviewed_label_reused_and_hash_matched,0,3,2362f89a4904d906c3ed501e16996844a692282d6de8a2f75880ec20a9a64d5f,1,1,0,1,0
P05_S04_MIX_0075,P05_S04_MIX_0075.jpg,test,P05,S04,v1_reviewed_label_reused,v1_reviewed_label_reused_and_hash_matched,0,3,0bcfef50cfae071eb301c2ae78a5c5b64ee9d90fce864f7eddc1bb64add5de3a,1,1,0,0,1
P05_S04_MIX_0076,P05_S04_MIX_0076.jpg,test,P05,S04,v1_reviewed_label_reused,v1_reviewed_label_reused_and_hash_matched,0,3,bd51625de3a57472b83a7a09430bfbed987b9ac77f93f366a28fc0211bc4f069,1,1,0,0,1
P05_S04_MIX_0077,P05_S04_MIX_0077.jpg,test,P05,S04,v1_reviewed_label_reused,v1_reviewed_label_reused_and_hash_matched,0,3,d7e92745edf599363c5e4b7bd93e5c5cc365bcba2928ea077f674fac0a7e2609,1,0,1,1,0
P05_S04_MIX_0078,P05_S04_MIX_0078.jpg,test,P05,S04,v1_reviewed_label_reused,v1_reviewed_label_reused_and_hash_matched,0,3,0cca67388f098df4ea562e3307d87a8ec6b2cfdf0c58bee5fe9865df2a6d2641,1,0,1,1,0
P05_S04_MIX_0079,P05_S04_MIX_0079.jpg,test,P05,S04,v1_reviewed_label_reused,v1_reviewed_label_reused_and_hash_matched,0,3,c08b33bd83109089c08e6d93985a47a523444dbaf7cb811edeecdf5bffd85add,1,0,1,0,1
P05_S04_MIX_0080,P05_S04_MIX_0080.jpg,test,P05,S04,v1_reviewed_label_reused,v1_reviewed_label_reused_and_hash_matched,0,3,dadc23e4fbc6c1679e2cfe8f39df558feb13a538fdc5267eb03adf65512f0ae9,1,0,1,0,1
P05_S04_MIX_0081,P05_S04_MIX_0081.jpg,test,P05,S04,v1_reviewed_label_reused,v1_reviewed_label_reused_and_hash_matched,0,3,b184cde76760dc751a8a150c8c35bc8dda6825e27eea1c00b4c0950fa97cd494,1,0,0,1,1
P05_S04_MIX_0082,P05_S04_MIX_0082.jpg,test,P05,S04,v1_reviewed_label_reused,v1_reviewed_label_reused_and_hash_matched,0,3,a736ca3ef42ab60227c509be7123cf2b65ca6f5e1a3ac2bf35551c045dd34f79,1,0,0,1,1
P05_S04_MIX_0083,P05_S04_MIX_0083.jpg,test,P05,S04,v1_reviewed_label_reused,v1_reviewed_label_reused_and_hash_matched,0,3,0f89340b30f510deef8d73734ca64ba9779eb1e37f8fd512880b1b56f59610ee,0,1,1,1,0
P05_S04_MIX_0084,P05_S04_MIX_0084.jpg,test,P05,S04,v1_reviewed_label_reused,v1_reviewed_label_reused_and_hash_matched,0,3,9747697ce62b37025a46d7b2c32079f806c0ba391d0a445841f92a4663ea3f88,0,1,1,1,0
P05_S04_MIX_0085,P05_S04_MIX_0085.jpg,test,P05,S04,v1_reviewed_label_reused,v1_reviewed_label_reused_and_hash_matched,0,3,24f8be0f6ee607d943582fc53129b0782ce81e0114477158513151e6287d6e86,0,1,1,0,1
P05_S04_MIX_0086,P05_S04_MIX_0086.jpg,test,P05,S04,v1_reviewed_label_reused,v1_reviewed_label_reused_and_hash_matched,0,3,902c6ea6ecd6ae508b96e8f7440366d1aadd1243090b5e50fbd38fc2a7895d53,0,1,1,0,1
P05_S04_MIX_0087,P05_S04_MIX_0087.jpg,test,P05,S04,v1_reviewed_label_reused,v1_reviewed_label_reused_and_hash_matched,0,3,8240ccd73112b857d71b99677c31bf079d8bad87498e4f81644cf43cfd8596e9,0,1,0,1,1
P05_S04_MIX_0088,P05_S04_MIX_0088.jpg,test,P05,S04,v1_reviewed_label_reused,v1_reviewed_label_reused_and_hash_matched,0,3,9a94ded66b4b2f21db89de2f9385a43bded50bca9eb1da5e996fb6e194afd311,0,1,0,1,1
P05_S04_MIX_0089,P05_S04_MIX_0089.jpg,test,P05,S04,v1_reviewed_label_reused,v1_reviewed_label_reused_and_hash_matched,0,3,1c34bc93711c6ffa5608ef9dbc9b3dbd1d751653bd41041343effd2be62e2374,0,0,1,1,1
P05_S04_MIX_0090,P05_S04_MIX_0090.jpg,test,P05,S04,v1_reviewed_label_reused,v1_reviewed_label_reused_and_hash_matched,0,3,247d226ea74725b4a274b4449c62210cac5e7647629ff739b1785f82d4d82c07,0,0,1,1,1
P05_S04_MIX_0091,P05_S04_MIX_0091.jpg,test,P05,S04,v1_reviewed_label_reused,v1_reviewed_label_reused_and_hash_matched,0,4,b572b706c7bcbf69c33ea63aa3a978a1db54c01396c2542ce8071ac170bab265,1,1,1,1,0
P05_S04_MIX_0092,P05_S04_MIX_0092.jpg,test,P05,S04,v1_reviewed_label_reused,v1_reviewed_label_reused_and_hash_matched,0,4,d4ccf2a7c74c710efb96d4e5b8df41369843e40365e98c589d3ad68ab3a4f647,1,1,1,1,0
P05_S04_MIX_0093,P05_S04_MIX_0093.jpg,test,P05,S04,v1_reviewed_label_reused,v1_reviewed_label_reused_and_hash_matched,0,4,154723c71db19ee734e99b9bb26322fae3d749125fa2736615286bae111a5c9a,1,1,1,0,1
P05_S04_MIX_0094,P05_S04_MIX_0094.jpg,test,P05,S04,v1_reviewed_label_reused,v1_reviewed_label_reused_and_hash_matched,0,4,2a2a586b2802f13f92bef678a0c3ee1a3cacd365f63b825c563e4e681fb37aed,1,1,1,0,1
P05_S04_MIX_0095,P05_S04_MIX_0095.jpg,test,P05,S04,v1_reviewed_label_reused,v1_reviewed_label_reused_and_hash_matched,0,4,a395815c69861710fffc2a658bfc6835f567967a47cea959aa5a27ab2e6247ec,1,1,0,1,1
P05_S04_MIX_0096,P05_S04_MIX_0096.jpg,test,P05,S04,v1_reviewed_label_reused,v1_reviewed_label_reused_and_hash_matched,0,4,49474aae8bd643a5ac9a681f46c990e1e88d60d9f417e1bfa65ae519c3ee2b8e,1,1,0,1,1
P05_S04_MIX_0097,P05_S04_MIX_0097.jpg,test,P05,S04,v1_reviewed_label_reused,v1_reviewed_label_reused_and_hash_matched,0,4,ba91a771c7af882c4e001b9712c349bc0bd4596c435a17d0ef199bd0788d2e18,1,0,1,1,1
P05_S04_MIX_0098,P05_S04_MIX_0098.jpg,test,P05,S04,v1_reviewed_label_reused,v1_reviewed_label_reused_and_hash_matched,0,4,e4e7dcea62eb291a28ba794b25905767da8052605ffabe53b7309efa9d5d4d0b,1,0,1,1,1
P05_S04_MIX_0099,P05_S04_MIX_0099.jpg,test,P05,S04,v1_reviewed_label_reused,v1_reviewed_label_reused_and_hash_matched,0,4,4bf483064fc3f7b05a9c87b9256dbe32f16a67de45fea4fb23c41c2a7e695951,0,1,1,1,1
P05_S04_MIX_0100,P05_S04_MIX_0100.jpg,test,P05,S04,v1_reviewed_label_reused,v1_reviewed_label_reused_and_hash_matched,0,4,469443822e324cffb418f967a0c6ca71e6e3836bff4ecc2b69d4ae57379b97c0,0,1,1,1,1
P05_S04_MOU_0001,P05_S04_MOU_0001.jpg,test,P05,S04,v1_reviewed_label_reused,v1_reviewed_label_reused_and_hash_matched,0,1,eda97e28450f923440a95a62562d6c4118cc1054b965aba2c400daaee0cac4b8,1,0,0,0,0
P05_S04_MOU_0002,P05_S04_MOU_0002.jpg,test,P05,S04,v1_reviewed_label_reused,v1_reviewed_label_reused_and_hash_matched,0,1,0a3bc1ed82cb923def35d879f2617d1abb545dc0cbfa7bf2aef074d8091de2e8,1,0,0,0,0
P05_S04_MOU_0003,P05_S04_MOU_0003.jpg,test,P05,S04,v1_reviewed_label_reused,v1_reviewed_label_reused_and_hash_matched,0,1,1ae2d76e648934df52f576e02aee7f8edac9620e1d34a5e7dfe21270876399f1,1,0,0,0,0
P05_S04_MOU_0004,P05_S04_MOU_0004.jpg,test,P05,S04,v1_reviewed_label_reused,v1_reviewed_label_reused_and_hash_matched,0,1,649fa9ad67dc39909102554a3602b160ce1bf5c5fd1f4a0f30df9eab1b5c4fc3,1,0,0,0,0
P05_S04_MOU_0005,P05_S04_MOU_0005.jpg,test,P05,S04,v1_reviewed_label_reused,v1_reviewed_label_reused_and_hash_matched,0,1,6ce3339559f67928cab8ecf768dcf69c0ded7c25cb8a9cc38b263688b2510d08,1,0,0,0,0
P05_S04_MOU_0006,P05_S04_MOU_0006.jpg,test,P05,S04,v1_reviewed_label_reused,v1_reviewed_label_reused_and_hash_matched,0,1,9e08a37d4284655b3da826305b35b507ca84141acd2356263d2ee61fb518585c,1,0,0,0,0
P05_S04_MOU_0007,P05_S04_MOU_0007.jpg,test,P05,S04,v1_reviewed_label_reused,v1_reviewed_label_reused_and_hash_matched,0,1,bbb09df9c1207fe0b26076f989ad6f2846d9507b1af6ab8e226c874e29849fa5,1,0,0,0,0
P05_S04_MOU_0008,P05_S04_MOU_0008.jpg,test,P05,S04,v1_reviewed_label_reused,v1_reviewed_label_reused_and_hash_matched,0,1,3cb0e3b983777a6833540780804d936b1e4cb9ccf354d3c0f5fda57e3a7cba76,1,0,0,0,0
P05_S04_MOU_0009,P05_S04_MOU_0009.jpg,test,P05,S04,v1_reviewed_label_reused,v1_reviewed_label_reused_and_hash_matched,0,1,fc903239d30f11d7718444b830861e82d979215cf7a6594626d5bd6c868b9593,1,0,0,0,0
P05_S04_MOU_0010,P05_S04_MOU_0010.jpg,test,P05,S04,v1_reviewed_label_reused,v1_reviewed_label_reused_and_hash_matched,0,1,70926a85a8c44d3827115d65d604a52291fdaea9b0b96233d217042b58dc9ac4,1,0,0,0,0
P05_S05_NEG_0001,P05_S05_NEG_0001.jpg,train,P05,S05,v1_reviewed_label_reused,v1_reviewed_label_reused_and_hash_matched,1,0,81910c1e634271e07c1eed1b91287e375add35fd27bb83b8fae91b292dcef3ee,0,0,0,0,0
P05_S05_NEG_0002,P05_S05_NEG_0002.jpg,train,P05,S05,v1_reviewed_label_reused,v1_reviewed_label_reused_and_hash_matched,1,0,f22f448a57cfdac134933490ae1c3b7b5a5f90ce7ff7232e629b0d5d5e0f4e1d,0,0,0,0,0
P05_S05_NEG_0003,P05_S05_NEG_0003.jpg,train,P05,S05,v1_reviewed_label_reused,v1_reviewed_label_reused_and_hash_matched,1,0,ca9efd068a3c15f77353a782b21cfa8855058d34e03240bb21b27f30430a8af0,0,0,0,0,0
P05_S05_NEG_0004,P05_S05_NEG_0004.jpg,train,P05,S05,v1_reviewed_label_reused,v1_reviewed_label_reused_and_hash_matched,1,0,64f32588bc01364ffbabbedff1cb246340c3bcec1e3e0631aa26f1ab562dc82e,0,0,0,0,0
P05_S05_NEG_0005,P05_S05_NEG_0005.jpg,train,P05,S05,v1_reviewed_label_reused,v1_reviewed_label_reused_and_hash_matched,1,0,0458e4d03f2918e93332ae53e605fce7b91dfa2a8b5c9754f0602f9cdd3bde87,0,0,0,0,0
P05_S05_NEG_0006,P05_S05_NEG_0006.jpg,train,P05,S05,v1_reviewed_label_reused,v1_reviewed_label_reused_and_hash_matched,1,0,f67a7a9e2b29b981893f7ef2f6ac8a03676bb2baafb6af0b18cf54e38fbe2b3d,0,0,0,0,0
P05_S05_NEG_0007,P05_S05_NEG_0007.jpg,train,P05,S05,v1_reviewed_label_reused,v1_reviewed_label_reused_and_hash_matched,1,0,84dbc93607895fa50f7cd003c895dc212d4d8b17787f5a999657386634044445,0,0,0,0,0
P05_S05_NEG_0008,P05_S05_NEG_0008.jpg,train,P05,S05,v1_reviewed_label_reused,v1_reviewed_label_reused_and_hash_matched,1,0,bf9b3e186cab7138346327300cf4c88bd108e9ff1f0483a1346ecf3c28dd2198,0,0,0,0,0
P05_S05_NEG_0009,P05_S05_NEG_0009.jpg,train,P05,S05,v1_reviewed_label_reused,v1_reviewed_label_reused_and_hash_matched,1,0,7f9104d80da4e0228bdb16782ed9549d66ee75912cec863d5af77b2ace0c09c8,0,0,0,0,0
P05_S05_NEG_0010,P05_S05_NEG_0010.jpg,train,P05,S05,v1_reviewed_label_reused,v1_reviewed_label_reused_and_hash_matched,1,0,7cbe454e54eb4277b515e1bbe8a976f6173311e0538f13dc762ea750228e6ac7,0,0,0,0,0
P05_S05_NEG_0011,P05_S05_NEG_0011.jpg,train,P05,S05,v1_reviewed_label_reused,v1_reviewed_label_reused_and_hash_matched,1,0,688c809b17f9b43bb01e43e6d742a4f7b410c778eabe9e4de46fa9f2a345e962,0,0,0,0,0
P05_S05_NEG_0012,P05_S05_NEG_0012.jpg,train,P05,S05,v1_reviewed_label_reused,v1_reviewed_label_reused_and_hash_matched,1,0,8fbeddc4bfd91ba8c9b3eb067883c9398815b61e35a921f00d04b78dda8f3349,0,0,0,0,0
P05_S05_NEG_0013,P05_S05_NEG_0013.jpg,train,P05,S05,v1_reviewed_label_reused,v1_reviewed_label_reused_and_hash_matched,1,0,2a052cc16b1caf2db4bd75aa42ea7eddefa5e578d58078eb0bc54212da484abe,0,0,0,0,0
P05_S05_NEG_0014,P05_S05_NEG_0014.jpg,train,P05,S05,v1_reviewed_label_reused,v1_reviewed_label_reused_and_hash_matched,1,0,fa4fed7a63e8439fbc5f71bcee455d14663b3a8a8f6816f0603026d385145561,0,0,0,0,0
P05_S05_NEG_0015,P05_S05_NEG_0015.jpg,train,P05,S05,v1_reviewed_label_reused,v1_reviewed_label_reused_and_hash_matched,1,0,fc089cf54f927dedbe6c5f7f9663a206f288f3f4a1262775fe46bf44bf962b93,0,0,0,0,0
P05_S05_NEG_0016,P05_S05_NEG_0016.jpg,train,P05,S05,v1_reviewed_label_reused,v1_reviewed_label_reused_and_hash_matched,1,0,9191bb7be5daca4cda46a875e47610ac8e09840f2f86bf1e88a61ee84b66f3d9,0,0,0,0,0
P05_S05_NEG_0017,P05_S05_NEG_0017.jpg,train,P05,S05,v1_reviewed_label_reused,v1_reviewed_label_reused_and_hash_matched,1,0,4bf67426f4b7f8a0b8ae8836bf9dac61112879e1926eb63cbf7cb3aa1f71ed97,0,0,0,0,0
P05_S05_NEG_0018,P05_S05_NEG_0018.jpg,train,P05,S05,v1_reviewed_label_reused,v1_reviewed_label_reused_and_hash_matched,1,0,fef07129d77cdf9ae749cf997d9656549ad06728efbe90b6a5465da0b86987f2,0,0,0,0,0
P05_S05_NEG_0019,P05_S05_NEG_0019.jpg,train,P05,S05,v1_reviewed_label_reused,v1_reviewed_label_reused_and_hash_matched,1,0,928ba17e2ca73b857caa0a19e5164cca52da8d0fc10f2382e49baa4ff71d71f4,0,0,0,0,0
P05_S05_NEG_0020,P05_S05_NEG_0020.jpg,train,P05,S05,v1_reviewed_label_reused,v1_reviewed_label_reused_and_hash_matched,1,0,c2ba9c5c8c076886abe0bd984a390df0390bea5c8ae8c083be7c18288eccbea8,0,0,0,0,0
P05_S05_NEG_0021,P05_S05_NEG_0021.jpg,train,P05,S05,v1_reviewed_label_reused,v1_reviewed_label_reused_and_hash_matched,1,0,5de1cfd6bdd5dc5148c37b2b3e0e8e59d29f8d28278400accb8ec9afe9b65992,0,0,0,0,0
P05_S05_NEG_0022,P05_S05_NEG_0022.jpg,train,P05,S05,v1_reviewed_label_reused,v1_reviewed_label_reused_and_hash_matched,1,0,6e2297ef85be82adae3c6c6204b1c1cac99aed566c16d054189ff566d7ac6c7d,0,0,0,0,0
P05_S05_NEG_0023,P05_S05_NEG_0023.jpg,train,P05,S05,v1_reviewed_label_reused,v1_reviewed_label_reused_and_hash_matched,1,0,cab4a6eb3df845a3231cdeb9381d361ee9f2b1e858ad40baab73116a556e19a1,0,0,0,0,0
P05_S05_NEG_0024,P05_S05_NEG_0024.jpg,train,P05,S05,v1_reviewed_label_reused,v1_reviewed_label_reused_and_hash_matched,1,0,043bcd74dba9f45febc0e85b00ad9f6d9440d61e0b448c5f90405697c2f9b64f,0,0,0,0,0
P05_S05_NEG_0025,P05_S05_NEG_0025.jpg,train,P05,S05,v1_reviewed_label_reused,v1_reviewed_label_reused_and_hash_matched,1,0,59864e7cd671c7075b7ce09c55c7b672ceb6416aca56aebfabcdcdf2d398c2a6,0,0,0,0,0
P05_S05_NEG_0026,P05_S05_NEG_0026.jpg,train,P05,S05,v1_reviewed_label_reused,v1_reviewed_label_reused_and_hash_matched,1,0,b44d319600c41fa39c9a7c66c820f866be33936a90d9b7a5506fe4b38e90f04a,0,0,0,0,0
P05_S05_NEG_0027,P05_S05_NEG_0027.jpg,train,P05,S05,v1_reviewed_label_reused,v1_reviewed_label_reused_and_hash_matched,1,0,2fb6b478e9a35e189c83e08eaf2d8c8daa65439974bb81d639308e0d2b74a82a,0,0,0,0,0
P05_S05_NEG_0028,P05_S05_NEG_0028.jpg,train,P05,S05,v1_reviewed_label_reused,v1_reviewed_label_reused_and_hash_matched,1,0,67643047470c6e5c1fd39930e51d30481a3f32156e06b996617445b2956db63c,0,0,0,0,0
P05_S05_NEG_0029,P05_S05_NEG_0029.jpg,train,P05,S05,v1_reviewed_label_reused,v1_reviewed_label_reused_and_hash_matched,1,0,5d7d00675ae886c89814af10164778f2304c974c9556d2ba5592bf856cc27a77,0,0,0,0,0
P05_S05_NEG_0030,P05_S05_NEG_0030.jpg,train,P05,S05,v1_reviewed_label_reused,v1_reviewed_label_reused_and_hash_matched,1,0,ca1497d20ea2b4f8cae5554f9265014d99e30f78a5ac71bd23a9573bc8367795,0,0,0,0,0
P05_S05_NEG_0031,P05_S05_NEG_0031.jpg,train,P05,S05,v1_reviewed_label_reused,v1_reviewed_label_reused_and_hash_matched,1,0,911832f2b00f7ee47d80b06233104895206583096bdcbe4260b299fdf8d5256b,0,0,0,0,0
P05_S05_NEG_0032,P05_S05_NEG_0032.jpg,train,P05,S05,v1_reviewed_label_reused,v1_reviewed_label_reused_and_hash_matched,1,0,6292bd6cd467c3ebd7d0540f8ff967870ab4f42a3e4c926a08c9f729503cfb01,0,0,0,0,0
P05_S05_NEG_0033,P05_S05_NEG_0033.jpg,train,P05,S05,v1_reviewed_label_reused,v1_reviewed_label_reused_and_hash_matched,1,0,5ea4068121b248cd3a808c5b311e6d39ee6befefb12c057fca12757b670f8955,0,0,0,0,0
P05_S05_NEG_0034,P05_S05_NEG_0034.jpg,train,P05,S05,v1_reviewed_label_reused,v1_reviewed_label_reused_and_hash_matched,1,0,c54832061ea4f579c2ac16c9b3316b76b31e4407b7d6342ca7168839ec916f3a,0,0,0,0,0
P05_S05_NEG_0035,P05_S05_NEG_0035.jpg,train,P05,S05,v1_reviewed_label_reused,v1_reviewed_label_reused_and_hash_matched,1,0,75f14afe39bff98cc48deaabd952d2a304494f445095c07abac22f577e9bfb75,0,0,0,0,0
P05_S05_NEG_0036,P05_S05_NEG_0036.jpg,train,P05,S05,v1_reviewed_label_reused,v1_reviewed_label_reused_and_hash_matched,1,0,792ca503a1024e763294beaf546168cb3ddf33996b4b349f05dc64a0a85ac687,0,0,0,0,0
P05_S05_NEG_0037,P05_S05_NEG_0037.jpg,train,P05,S05,v1_reviewed_label_reused,v1_reviewed_label_reused_and_hash_matched,1,0,1f3e6917fd18c8e2b548095353f8b98cb69fded8cd2c71c9855a26b090dec705,0,0,0,0,0
P05_S05_NEG_0038,P05_S05_NEG_0038.jpg,train,P05,S05,v1_reviewed_label_reused,v1_reviewed_label_reused_and_hash_matched,1,0,e060f053467fa4fb3fc9862d53bc6b8ba5c2bc88c8d41e11a28577fd11bf7fe2,0,0,0,0,0
P05_S05_NEG_0039,P05_S05_NEG_0039.jpg,train,P05,S05,v1_reviewed_label_reused,v1_reviewed_label_reused_and_hash_matched,1,0,92a8dc555eec719e728dc8b1c9213b65cf8249167515c07f7abe2c4b5c173441,0,0,0,0,0
P05_S05_NEG_0040,P05_S05_NEG_0040.jpg,train,P05,S05,v1_reviewed_label_reused,v1_reviewed_label_reused_and_hash_matched,1,0,3961a72e3739aa2173840ad97ee158435be7e05b9e307b72d548873c4c1631e0,0,0,0,0,0
P05_S05_NEG_0041,P05_S05_NEG_0041.jpg,train,P05,S05,v1_reviewed_label_reused,v1_reviewed_label_reused_and_hash_matched,1,0,e9dbca78f0a389894c7f10607f9f42075b058e516001346dc0fce02ca29dfe06,0,0,0,0,0
P05_S05_NEG_0042,P05_S05_NEG_0042.jpg,train,P05,S05,v1_reviewed_label_reused,v1_reviewed_label_reused_and_hash_matched,1,0,78b9bc201d08d5e2e4899a5ba7b596607916d510c2b1dd68623e7634f1802d5d,0,0,0,0,0
P05_S05_NEG_0043,P05_S05_NEG_0043.jpg,train,P05,S05,v1_reviewed_label_reused,v1_reviewed_label_reused_and_hash_matched,1,0,51c0e2c0cee157c833d5021b229b23e5ada2a7fa9852fb54074cdff591e44783,0,0,0,0,0
P05_S05_NEG_0044,P05_S05_NEG_0044.jpg,train,P05,S05,v1_reviewed_label_reused,v1_reviewed_label_reused_and_hash_matched,1,0,c7c84f37b5767d8e8352cf610030bffe0075180a73a9171ddad58989dad2f3e3,0,0,0,0,0
P05_S05_NEG_0045,P05_S05_NEG_0045.jpg,train,P05,S05,v1_reviewed_label_reused,v1_reviewed_label_reused_and_hash_matched,1,0,80212038a2aaa9055c168e57dad3abf2cda668b1c886a855f0536f62a823c411,0,0,0,0,0
P05_S05_NEG_0046,P05_S05_NEG_0046.jpg,train,P05,S05,v1_reviewed_label_reused,v1_reviewed_label_reused_and_hash_matched,1,0,f3fb60ff8705d52b2bcc156339b23b4019bb57b97f50d6727e00c4d5f8e4c4c1,0,0,0,0,0
P05_S05_NEG_0047,P05_S05_NEG_0047.jpg,train,P05,S05,v1_reviewed_label_reused,v1_reviewed_label_reused_and_hash_matched,1,0,b18f2e30d5f5765ae549f5c41e6c577ef598aef4eb0f6637795de655110c5e4f,0,0,0,0,0
P05_S05_NEG_0048,P05_S05_NEG_0048.jpg,train,P05,S05,v1_reviewed_label_reused,v1_reviewed_label_reused_and_hash_matched,1,0,657797206a36e1329af6a62f6e15ce3b575227aa5b8b045e7825b691ab7a9328,0,0,0,0,0
P05_S05_NEG_0049,P05_S05_NEG_0049.jpg,train,P05,S05,v1_reviewed_label_reused,v1_reviewed_label_reused_and_hash_matched,1,0,4efa3f8f82d85a2137f6b121c2432c82a9d148da81ae56c1434f5145a40369e5,0,0,0,0,0
P05_S05_NEG_0050,P05_S05_NEG_0050.jpg,train,P05,S05,v1_reviewed_label_reused,v1_reviewed_label_reused_and_hash_matched,1,0,dc3df916ccd0a63ddbe374251d7a46106b965919f3a9414078820c2fd8da87d3,0,0,0,0,0
